<!-- DWF2XML 2.00.01 - Raisonance Dwarf information extractor -->
<aoffile Header="Boot" Path="C:\Users\MightyDubster\Ride7\Nebula\boot\Boot.elf">
 <Def>
  <Col Header="DeclFile" Desc="File"/>
  <Col Header="Type" Desc="Type"/>
  <Col Header="Header" Desc="Name"/>
 </Def>
 <type Header="s32" Icon="1" Type="type" Desc=": long" DeclFile="C:\Users\MightyDubster\Ride7\pygmy\pygmy_sys.h" DeclLine="24" Pointer="No"/>
 <type Header="u32" Icon="1" Type="type" Desc=": unsigned long" DeclFile="C:\Users\MightyDubster\Ride7\pygmy\pygmy_sys.h" DeclLine="44" Pointer="No"/>
 <type Header="u16" Icon="1" Type="type" Desc=": unsigned int" DeclFile="C:\Users\MightyDubster\Ride7\pygmy\pygmy_sys.h" DeclLine="45" Pointer="No"/>
 <type Header="u8" Icon="1" Type="type" Desc=": unsigned char" DeclFile="C:\Users\MightyDubster\Ride7\pygmy\pygmy_sys.h" DeclLine="46" Pointer="No"/>
 <type Header="PYGMYVOIDPTR" Icon="1" Type="type" Desc=": void CODE*" DeclFile="C:\Users\MightyDubster\Ride7\pygmy\pygmy_sys.h" DeclLine="216" Pointer="Yes"/>
 <type Header="PYGMYCMDPTR" Icon="1" Type="type" Desc=": unsigned char CODE*" DeclFile="C:\Users\MightyDubster\Ride7\pygmy\pygmy_sys.h" DeclLine="217" Pointer="Yes"/>
 <type Header="PYGMYCMD" Icon="1" Type="type" Desc=": struct " DeclFile="C:\Users\MightyDubster\Ride7\pygmy\pygmy_sys.h" DeclLine="232" Pointer="No"/>
 <type Header="RCC_TYPEDEF" Icon="1" Type="type" Desc=": struct " DeclFile="C:\Users\MightyDubster\Ride7\pygmy\pygmy_sys.h" DeclLine="405" Pointer="No"/>
 <type Header="IWDG_TYPEDEF" Icon="1" Type="type" Desc=": struct " DeclFile="C:\Users\MightyDubster\Ride7\pygmy\pygmy_sys.h" DeclLine="1023" Pointer="No"/>
 <type Header="GPIO" Icon="1" Type="type" Desc=": struct " DeclFile="C:\Users\MightyDubster\Ride7\pygmy\pygmy_port.h" DeclLine="425" Pointer="No"/>
 <type Header="USART_TYPEDEF" Icon="1" Type="type" Desc=": struct " DeclFile="C:\Users\MightyDubster\Ride7\pygmy\pygmy_com.h" DeclLine="201" Pointer="No"/>
 <type Header="PYGMYFILEVOLUME" Icon="1" Type="type" Desc=": struct PYGMYFILEVOLUME_TYPEDEF" DeclFile="C:\Users\MightyDubster\Ride7\pygmy\pygmy_file.h" DeclLine="129" Pointer="No"/>
 <type Header="PYGMYFILE" Icon="1" Type="type" Desc=": struct PYGMYFILE_TYPEDEF" DeclFile="C:\Users\MightyDubster\Ride7\pygmy\pygmy_file.h" DeclLine="140" Pointer="No"/>
 <type Header="NVIC_TYPEDEF" Icon="1" Type="type" Desc=": struct " DeclFile="C:\Users\MightyDubster\Ride7\pygmy\pygmy_nvic.h" DeclLine="40" Pointer="No"/>
 <type Header="SYSTICK_TYPEDEF" Icon="1" Type="type" Desc=": struct " DeclFile="C:\Users\MightyDubster\Ride7\pygmy\pygmy_nvic.h" DeclLine="65" Pointer="No"/>
 <type Header="SCB_TYPEDEF" Icon="1" Type="type" Desc=": struct " DeclFile="C:\Users\MightyDubster\Ride7\pygmy\pygmy_nvic.h" DeclLine="83" Pointer="No"/>
 <func Header="cmdReset" Icon="3" Type="func" Desc=":   unsigned char" DeclFile="C:\Users\MightyDubster\Ride7\Nebula\boot\main.c" DeclLine="641"/>
 <func Header="cmdNull" Icon="3" Type="func" Desc=":   unsigned char" DeclFile="C:\Users\MightyDubster\Ride7\Nebula\boot\main.c" DeclLine="750"/>
 <func Header="cmdMv" Icon="3" Type="func" Desc=":   unsigned char" DeclFile="C:\Users\MightyDubster\Ride7\Nebula\boot\main.c" DeclLine="627"/>
 <func Header="cmdRm" Icon="3" Type="func" Desc=":   unsigned char" DeclFile="C:\Users\MightyDubster\Ride7\Nebula\boot\main.c" DeclLine="600"/>
 <func Header="cmdSend" Icon="3" Type="func" Desc=":   unsigned char" DeclFile="C:\Users\MightyDubster\Ride7\Nebula\boot\main.c" DeclLine="552"/>
 <func Header="cmdRecv" Icon="3" Type="func" Desc=":   unsigned char" DeclFile="C:\Users\MightyDubster\Ride7\Nebula\boot\main.c" DeclLine="536"/>
 <func Header="cmdFormat" Icon="3" Type="func" Desc=":   unsigned char" DeclFile="C:\Users\MightyDubster\Ride7\Nebula\boot\main.c" DeclLine="529"/>
 <func Header="cmdErase" Icon="3" Type="func" Desc=":   unsigned char" DeclFile="C:\Users\MightyDubster\Ride7\Nebula\boot\main.c" DeclLine="520"/>
 <func Header="generateBaud" Icon="3" Type="func" Desc=":   unsigned int" DeclFile="C:\Users\MightyDubster\Ride7\Nebula\boot\main.c" DeclLine="193"/>
 <func Header="putcUSART3" Icon="3" Type="func" Desc=":   void" DeclFile="C:\Users\MightyDubster\Ride7\Nebula\boot\main.c" DeclLine="331"/>
 <func Header="putIntUSART3" Icon="3" Type="func" Desc=":   void" DeclFile="C:\Users\MightyDubster\Ride7\Nebula\boot\main.c" DeclLine="315"/>
 <func Header="cmdTest" Icon="3" Type="func" Desc=":   unsigned char" DeclFile="C:\Users\MightyDubster\Ride7\Nebula\boot\main.c" DeclLine="715"/>
 <func Header="cmdRead" Icon="3" Type="func" Desc=":   unsigned char" DeclFile="C:\Users\MightyDubster\Ride7\Nebula\boot\main.c" DeclLine="569"/>
 <func Header="putBufferUSART3" Icon="3" Type="func" Desc=":   void" DeclFile="C:\Users\MightyDubster\Ride7\Nebula\boot\main.c" DeclLine="306"/>
 <func Header="putstr" Icon="3" Type="func" Desc=":   void" DeclFile="C:\Users\MightyDubster\Ride7\Nebula\boot\main.c" DeclLine="337"/>
 <func Header="cmdLs" Icon="3" Type="func" Desc=":   unsigned char" DeclFile="C:\Users\MightyDubster\Ride7\Nebula\boot\main.c" DeclLine="607"/>
 <func Header="bootBootOS" Icon="3" Type="func" Desc=":   void" DeclFile="C:\Users\MightyDubster\Ride7\Nebula\boot\main.c" DeclLine="290"/>
 <func Header="bootTestAndLoad" Icon="3" Type="func" Desc=":   void" DeclFile="C:\Users\MightyDubster\Ride7\Nebula\boot\main.c" DeclLine="260"/>
 <func Header="bootTest" Icon="3" Type="func" Desc=":   unsigned char" DeclFile="C:\Users\MightyDubster\Ride7\Nebula\boot\main.c" DeclLine="211"/>
 <func Header="cmdFlash" Icon="3" Type="func" Desc=":   unsigned char" DeclFile="C:\Users\MightyDubster\Ride7\Nebula\boot\main.c" DeclLine="658"/>
 <func Header="cmdBoot" Icon="3" Type="func" Desc=":   unsigned char" DeclFile="C:\Users\MightyDubster\Ride7\Nebula\boot\main.c" DeclLine="648"/>
 <func Header="main" Icon="3" Type="func" Desc=":   long" DeclFile="C:\Users\MightyDubster\Ride7\Nebula\boot\main.c" DeclLine="105"/>
 <func Header="xmodemWritePacket" Icon="3" Type="func" Desc=":   unsigned char" DeclFile="C:\Users\MightyDubster\Ride7\Nebula\boot\main.c" DeclLine="448"/>
 <func Header="xmodemSendPacket" Icon="3" Type="func" Desc=":   void" DeclFile="C:\Users\MightyDubster\Ride7\Nebula\boot\main.c" DeclLine="466"/>
 <func Header="SysTick_Handler" Icon="3" Type="func" Desc=":   void" DeclFile="C:\Users\MightyDubster\Ride7\Nebula\boot\main.c" DeclLine="485"/>
 <func Header="executeCmd" Icon="3" Type="func" Desc=":   unsigned char" DeclFile="C:\Users\MightyDubster\Ride7\Nebula\boot\main.c" DeclLine="755"/>
 <func Header="USART3_IRQHandler" Icon="3" Type="func" Desc=":   void" DeclFile="C:\Users\MightyDubster\Ride7\Nebula\boot\main.c" DeclLine="344"/>
 <variable Header="BOOT_OK" Icon="2" Type="variable" Desc=":   signed char[5]" DeclFile="C:\Users\MightyDubster\Ride7\Nebula\boot\main.c" DeclLine="77" Pointer="No"/>
 <variable Header="BOOT_ERROR" Icon="2" Type="variable" Desc=":   signed char[8]" DeclFile="C:\Users\MightyDubster\Ride7\Nebula\boot\main.c" DeclLine="78" Pointer="No"/>
 <variable Header="BOOT_filename" Icon="2" Type="variable" Desc=":   signed char[9]" DeclFile="C:\Users\MightyDubster\Ride7\Nebula\boot\main.c" DeclLine="80" Pointer="No"/>
 <variable Header="BOOT_greeting" Icon="2" Type="variable" Desc=":   signed char[39]" DeclFile="C:\Users\MightyDubster\Ride7\Nebula\boot\main.c" DeclLine="81" Pointer="No"/>
 <variable Header="BOOTCOMMANDS" Icon="2" Type="variable" Desc=":   struct [13]" DeclFile="C:\Users\MightyDubster\Ride7\Nebula\boot\main.c" DeclLine="83" Pointer="No"/>
 <variable Header="pygmyFile" Icon="2" Type="variable" Desc=":   struct PYGMYFILE_TYPEDEF" DeclFile="C:\Users\MightyDubster\Ride7\Nebula\boot\main.c" DeclLine="100" Pointer="No"/>
 <variable Header="globalFileLen" Icon="2" Type="variable" Desc=":   unsigned long" DeclFile="C:\Users\MightyDubster\Ride7\Nebula\boot\main.c" DeclLine="101" Pointer="No"/>
 <variable Header="globalXMTimeout" Icon="2" Type="variable" Desc=":   unsigned long" DeclFile="C:\Users\MightyDubster\Ride7\Nebula\boot\main.c" DeclLine="101" Pointer="No"/>
 <variable Header="globalTransaction" Icon="2" Type="variable" Desc=":   unsigned long" DeclFile="C:\Users\MightyDubster\Ride7\Nebula\boot\main.c" DeclLine="101" Pointer="No"/>
 <variable Header="globalXMCount" Icon="2" Type="variable" Desc=":   unsigned long" DeclFile="C:\Users\MightyDubster\Ride7\Nebula\boot\main.c" DeclLine="101" Pointer="No"/>
 <variable Header="globalBootTimeout" Icon="2" Type="variable" Desc=":   unsigned long" DeclFile="C:\Users\MightyDubster\Ride7\Nebula\boot\main.c" DeclLine="102" Pointer="No"/>
 <variable Header="globalStatus" Icon="2" Type="variable" Desc=":   unsigned char" DeclFile="C:\Users\MightyDubster\Ride7\Nebula\boot\main.c" DeclLine="103" Pointer="No"/>
 <variable Header="globalBootStatus" Icon="2" Type="variable" Desc=":   unsigned char" DeclFile="C:\Users\MightyDubster\Ride7\Nebula\boot\main.c" DeclLine="103" Pointer="No"/>
 <type Header="s32" Icon="1" Type="type" Desc=": long" DeclFile="C:\Users\MightyDubster\Ride7\pygmy\pygmy_sys.h" DeclLine="24" Pointer="No"/>
 <type Header="u32" Icon="1" Type="type" Desc=": unsigned long" DeclFile="C:\Users\MightyDubster\Ride7\pygmy\pygmy_sys.h" DeclLine="44" Pointer="No"/>
 <type Header="u16" Icon="1" Type="type" Desc=": unsigned int" DeclFile="C:\Users\MightyDubster\Ride7\pygmy\pygmy_sys.h" DeclLine="45" Pointer="No"/>
 <type Header="u8" Icon="1" Type="type" Desc=": unsigned char" DeclFile="C:\Users\MightyDubster\Ride7\pygmy\pygmy_sys.h" DeclLine="46" Pointer="No"/>
 <type Header="GPIO" Icon="1" Type="type" Desc=": struct " DeclFile="C:\Users\MightyDubster\Ride7\pygmy\pygmy_port.h" DeclLine="425" Pointer="No"/>
 <type Header="PYGMYSPIPORT" Icon="1" Type="type" Desc=": struct " DeclFile="C:\Users\MightyDubster\Ride7\pygmy\pygmy_com.h" DeclLine="333" Pointer="No"/>
 <type Header="PYGMYFILEVOLUME" Icon="1" Type="type" Desc=": struct PYGMYFILEVOLUME_TYPEDEF" DeclFile="C:\Users\MightyDubster\Ride7\pygmy\pygmy_file.h" DeclLine="129" Pointer="No"/>
 <type Header="PYGMYFILE" Icon="1" Type="type" Desc=": struct PYGMYFILE_TYPEDEF" DeclFile="C:\Users\MightyDubster\Ride7\pygmy\pygmy_file.h" DeclLine="140" Pointer="No"/>
 <func Header="isValidFileName" Icon="3" Type="func" Desc=":   unsigned char" DeclFile="C:\Users\MightyDubster\Ride7\pygmy\pygmy_file.c" DeclLine="213"/>
 <func Header="spiWriteByte" Icon="3" Type="func" Desc=":   void" DeclFile="C:\Users\MightyDubster\Ride7\pygmy\pygmy_file.c" DeclLine="878"/>
 <func Header="spiWriteLong" Icon="3" Type="func" Desc=":   void" DeclFile="C:\Users\MightyDubster\Ride7\pygmy\pygmy_file.c" DeclLine="912"/>
 <func Header="spiReadByte" Icon="3" Type="func" Desc=":   unsigned char" DeclFile="C:\Users\MightyDubster\Ride7\pygmy\pygmy_file.c" DeclLine="929"/>
 <func Header="flashReadWord" Icon="3" Type="func" Desc=":   unsigned int" DeclFile="C:\Users\MightyDubster\Ride7\pygmy\pygmy_file.c" DeclLine="949"/>
 <func Header="flashReadLong" Icon="3" Type="func" Desc=":   unsigned long" DeclFile="C:\Users\MightyDubster\Ride7\pygmy\pygmy_file.c" DeclLine="963"/>
 <func Header="flashReadByte" Icon="3" Type="func" Desc=":   unsigned char" DeclFile="C:\Users\MightyDubster\Ride7\pygmy\pygmy_file.c" DeclLine="979"/>
 <func Header="getActiveFiles" Icon="3" Type="func" Desc=":   unsigned long" DeclFile="C:\Users\MightyDubster\Ride7\pygmy\pygmy_file.c" DeclLine="493"/>
 <func Header="getFAT" Icon="3" Type="func" Desc=":   unsigned int" DeclFile="C:\Users\MightyDubster\Ride7\pygmy\pygmy_file.c" DeclLine="402"/>
 <func Header="fileGetChar" Icon="3" Type="func" Desc=":   unsigned char" DeclFile="C:\Users\MightyDubster\Ride7\pygmy\pygmy_file.c" DeclLine="713"/>
 <func Header="getFileLength" Icon="3" Type="func" Desc=":   unsigned long" DeclFile="C:\Users\MightyDubster\Ride7\pygmy\pygmy_file.c" DeclLine="613"/>
 <func Header="seekFileName" Icon="3" Type="func" Desc=":   unsigned int" DeclFile="C:\Users\MightyDubster\Ride7\pygmy\pygmy_file.c" DeclLine="317"/>
 <func Header="getFileName" Icon="3" Type="func" Desc=":   unsigned int" DeclFile="C:\Users\MightyDubster\Ride7\pygmy\pygmy_file.c" DeclLine="286"/>
 <func Header="getFreeSpace" Icon="3" Type="func" Desc=":   unsigned long" DeclFile="C:\Users\MightyDubster\Ride7\pygmy\pygmy_file.c" DeclLine="196"/>
 <func Header="flashReadStatus" Icon="3" Type="func" Desc=":   unsigned char" DeclFile="C:\Users\MightyDubster\Ride7\pygmy\pygmy_file.c" DeclLine="1005"/>
 <func Header="flashReadID" Icon="3" Type="func" Desc=":   unsigned char" DeclFile="C:\Users\MightyDubster\Ride7\pygmy\pygmy_file.c" DeclLine="1017"/>
 <func Header="flashWaitForBusy" Icon="3" Type="func" Desc=":   void" DeclFile="C:\Users\MightyDubster\Ride7\pygmy\pygmy_file.c" DeclLine="1057"/>
 <func Header="flashChipErase" Icon="3" Type="func" Desc=":   unsigned char" DeclFile="C:\Users\MightyDubster\Ride7\pygmy\pygmy_file.c" DeclLine="1044"/>
 <func Header="flashSectorErase" Icon="3" Type="func" Desc=":   void" DeclFile="C:\Users\MightyDubster\Ride7\pygmy\pygmy_file.c" DeclLine="1032"/>
 <func Header="flashWriteByte" Icon="3" Type="func" Desc=":   void" DeclFile="C:\Users\MightyDubster\Ride7\pygmy\pygmy_file.c" DeclLine="1097"/>
 <func Header="flashWriteBuffer" Icon="3" Type="func" Desc=":   void" DeclFile="C:\Users\MightyDubster\Ride7\pygmy\pygmy_file.c" DeclLine="1086"/>
 <func Header="flashWriteLong" Icon="3" Type="func" Desc=":   void" DeclFile="C:\Users\MightyDubster\Ride7\pygmy\pygmy_file.c" DeclLine="1068"/>
 <func Header="writeFileLength" Icon="3" Type="func" Desc=":   unsigned char" DeclFile="C:\Users\MightyDubster\Ride7\pygmy\pygmy_file.c" DeclLine="589"/>
 <func Header="flashWriteWord" Icon="3" Type="func" Desc=":   void" DeclFile="C:\Users\MightyDubster\Ride7\pygmy\pygmy_file.c" DeclLine="1062"/>
 <func Header="deleteFATEntry" Icon="3" Type="func" Desc=":   unsigned char" DeclFile="C:\Users\MightyDubster\Ride7\pygmy\pygmy_file.c" DeclLine="520"/>
 <func Header="getActiveFAT" Icon="3" Type="func" Desc=":   unsigned long" DeclFile="C:\Users\MightyDubster\Ride7\pygmy\pygmy_file.c" DeclLine="477"/>
 <func Header="getFreeFATEntry" Icon="3" Type="func" Desc=":   unsigned int" DeclFile="C:\Users\MightyDubster\Ride7\pygmy\pygmy_file.c" DeclLine="419"/>
 <func Header="getFreeFileEntry" Icon="3" Type="func" Desc=":   unsigned int" DeclFile="C:\Users\MightyDubster\Ride7\pygmy\pygmy_file.c" DeclLine="338"/>
 <func Header="allocateFAT" Icon="3" Type="func" Desc=":   unsigned int" DeclFile="C:\Users\MightyDubster\Ride7\pygmy\pygmy_file.c" DeclLine="265"/>
 <func Header="filePutChar" Icon="3" Type="func" Desc=":   unsigned char" DeclFile="C:\Users\MightyDubster\Ride7\pygmy\pygmy_file.c" DeclLine="658"/>
 <func Header="filePutBuffer" Icon="3" Type="func" Desc=":   unsigned char" DeclFile="C:\Users\MightyDubster\Ride7\pygmy\pygmy_file.c" DeclLine="636"/>
 <func Header="fileClose" Icon="3" Type="func" Desc=":   unsigned char" DeclFile="C:\Users\MightyDubster\Ride7\pygmy\pygmy_file.c" DeclLine="546"/>
 <func Header="fileRename" Icon="3" Type="func" Desc=":   unsigned char" DeclFile="C:\Users\MightyDubster\Ride7\pygmy\pygmy_file.c" DeclLine="230"/>
 <func Header="flashWriteEnable" Icon="3" Type="func" Desc=":   void" DeclFile="C:\Users\MightyDubster\Ride7\pygmy\pygmy_file.c" DeclLine="1111"/>
 <func Header="format" Icon="3" Type="func" Desc=":   unsigned char" DeclFile="C:\Users\MightyDubster\Ride7\pygmy\pygmy_file.c" DeclLine="811"/>
 <func Header="mountRoot" Icon="3" Type="func" Desc=":   unsigned char" DeclFile="C:\Users\MightyDubster\Ride7\pygmy\pygmy_file.c" DeclLine="768"/>
 <func Header="fileDelete" Icon="3" Type="func" Desc=":   unsigned char" DeclFile="C:\Users\MightyDubster\Ride7\pygmy\pygmy_file.c" DeclLine="505"/>
 <func Header="fileOpen" Icon="3" Type="func" Desc=":   unsigned char" DeclFile="C:\Users\MightyDubster\Ride7\pygmy\pygmy_file.c" DeclLine="84"/>
 <variable Header="pygmyRootVolume" Icon="2" Type="variable" Desc=":   struct PYGMYFILEVOLUME_TYPEDEF" DeclFile="C:\Users\MightyDubster\Ride7\pygmy\pygmy_file.c" DeclLine="76" Pointer="No"/>
 <variable Header="pygmyFlashSPI" Icon="2" Type="variable" Desc=":   struct " DeclFile="C:\Users\MightyDubster\Ride7\pygmy\pygmy_file.c" DeclLine="77" Pointer="No"/>
 <type Header="u32" Icon="1" Type="type" Desc=": unsigned long" DeclFile="C:\Users\MightyDubster\Ride7\pygmy\pygmy_sys.h" DeclLine="44" Pointer="No"/>
 <type Header="u16" Icon="1" Type="type" Desc=": unsigned int" DeclFile="C:\Users\MightyDubster\Ride7\pygmy\pygmy_sys.h" DeclLine="45" Pointer="No"/>
 <type Header="u8" Icon="1" Type="type" Desc=": unsigned char" DeclFile="C:\Users\MightyDubster\Ride7\pygmy\pygmy_sys.h" DeclLine="46" Pointer="No"/>
 <type Header="FPEC_TypeDef" Icon="1" Type="type" Desc=": struct " DeclFile="C:\Users\MightyDubster\Ride7\pygmy\pygmy_fpec.h" DeclLine="34" Pointer="No"/>
 <type Header="SIZEREG_TypeDef" Icon="1" Type="type" Desc=": struct " DeclFile="C:\Users\MightyDubster\Ride7\pygmy\pygmy_fpec.h" DeclLine="49" Pointer="No"/>
 <func Header="fpecUnlock" Icon="3" Type="func" Desc=":   unsigned char" DeclFile="C:\Users\MightyDubster\Ride7\pygmy\pygmy_fpec.c" DeclLine="74"/>
 <func Header="fpecWriteWord" Icon="3" Type="func" Desc=":   unsigned char" DeclFile="C:\Users\MightyDubster\Ride7\pygmy\pygmy_fpec.c" DeclLine="85"/>
 <func Header="fpecProcessIHEX" Icon="3" Type="func" Desc=":   unsigned char" DeclFile="C:\Users\MightyDubster\Ride7\pygmy\pygmy_fpec.c" DeclLine="25"/>
 <func Header="fpecErasePage" Icon="3" Type="func" Desc=":   unsigned char" DeclFile="C:\Users\MightyDubster\Ride7\pygmy\pygmy_fpec.c" DeclLine="118"/>
 <func Header="fpecEraseProgramMemory" Icon="3" Type="func" Desc=":   unsigned char" DeclFile="C:\Users\MightyDubster\Ride7\pygmy\pygmy_fpec.c" DeclLine="103"/>
 <type Header="s64" Icon="1" Type="type" Desc=": long" DeclFile="C:\Users\MightyDubster\Ride7\pygmy\pygmy_sys.h" DeclLine="23" Pointer="No"/>
 <type Header="s32" Icon="1" Type="type" Desc=": long" DeclFile="C:\Users\MightyDubster\Ride7\pygmy\pygmy_sys.h" DeclLine="24" Pointer="No"/>
 <type Header="s8" Icon="1" Type="type" Desc=": signed char" DeclFile="C:\Users\MightyDubster\Ride7\pygmy\pygmy_sys.h" DeclLine="26" Pointer="No"/>
 <type Header="u32" Icon="1" Type="type" Desc=": unsigned long" DeclFile="C:\Users\MightyDubster\Ride7\pygmy\pygmy_sys.h" DeclLine="44" Pointer="No"/>
 <type Header="u16" Icon="1" Type="type" Desc=": unsigned int" DeclFile="C:\Users\MightyDubster\Ride7\pygmy\pygmy_sys.h" DeclLine="45" Pointer="No"/>
 <type Header="u8" Icon="1" Type="type" Desc=": unsigned char" DeclFile="C:\Users\MightyDubster\Ride7\pygmy\pygmy_sys.h" DeclLine="46" Pointer="No"/>
 <func Header="isCharInString" Icon="3" Type="func" Desc=":   signed char" DeclFile="C:\Users\MightyDubster\Ride7\pygmy\pygmy_string.c" DeclLine="24"/>
 <func Header="isAlpha" Icon="3" Type="func" Desc=":   signed char" DeclFile="C:\Users\MightyDubster\Ride7\pygmy\pygmy_string.c" DeclLine="35"/>
 <func Header="isNewline" Icon="3" Type="func" Desc=":   signed char" DeclFile="C:\Users\MightyDubster\Ride7\pygmy\pygmy_string.c" DeclLine="90"/>
 <func Header="isWhitespace" Icon="3" Type="func" Desc=":   signed char" DeclFile="C:\Users\MightyDubster\Ride7\pygmy\pygmy_string.c" DeclLine="99"/>
 <func Header="isQuote" Icon="3" Type="func" Desc=":   signed char" DeclFile="C:\Users\MightyDubster\Ride7\pygmy\pygmy_string.c" DeclLine="108"/>
 <func Header="isSeparator" Icon="3" Type="func" Desc=":   signed char" DeclFile="C:\Users\MightyDubster\Ride7\pygmy\pygmy_string.c" DeclLine="127"/>
 <func Header="isPunctuation" Icon="3" Type="func" Desc=":   signed char" DeclFile="C:\Users\MightyDubster\Ride7\pygmy\pygmy_string.c" DeclLine="136"/>
 <func Header="len" Icon="3" Type="func" Desc=":   unsigned int" DeclFile="C:\Users\MightyDubster\Ride7\pygmy\pygmy_string.c" DeclLine="145"/>
 <func Header="isStringSame" Icon="3" Type="func" Desc=":   signed char" DeclFile="C:\Users\MightyDubster\Ride7\pygmy\pygmy_string.c" DeclLine="158"/>
 <func Header="getNextSubString" Icon="3" Type="func" Desc=":   unsigned char CODE*" DeclFile="C:\Users\MightyDubster\Ride7\pygmy\pygmy_string.c" DeclLine="172"/>
 <func Header="copyString" Icon="3" Type="func" Desc=":   void" DeclFile="C:\Users\MightyDubster\Ride7\pygmy\pygmy_string.c" DeclLine="384"/>
 <func Header="convertHexCharToInteger" Icon="3" Type="func" Desc=":   unsigned int" DeclFile="C:\Users\MightyDubster\Ride7\pygmy\pygmy_string.c" DeclLine="473"/>
 <func Header="convertHexEncodedStringToBuffer" Icon="3" Type="func" Desc=":   unsigned int" DeclFile="C:\Users\MightyDubster\Ride7\pygmy\pygmy_string.c" DeclLine="453"/>
 <variable Header="PYGMYHEXCHARS" Icon="2" Type="variable" Desc=":   unsigned char[16]" DeclFile="C:\Users\MightyDubster\Ride7\pygmy\pygmy_string.c" DeclLine="22" Pointer="No"/>
 <variable Header="PYGMYBASE64CHARS" Icon="2" Type="variable" Desc=":   unsigned char[66]" DeclFile="C:\Users\MightyDubster\Ride7\pygmy\pygmy_string.c" DeclLine="21" Pointer="No"/>
 <variable Header="gVectors" Icon="2" Type="variable" Desc=":   void CODE*[76]" DeclFile="C:\Users\MightyDubster\Ride7\pygmy\vectors_stm32f10x_hd.c" DeclLine="125" Pointer="No"/>
</aoffile>

