<!-- DWF2XML 2.00.01 - Raisonance Dwarf information extractor -->
<aoffile Filename="Boot" dwarf="1">
 <modulelist>
  <module Name="C:\Users\MightyDubster\Ride7\Nebula\boot\main.c" >
   <type Family="Base" Name="long long int" ID="37"/>
   <type Family="Base" Name="long int" ID="55"/>
   <type Family="typedef" Name="s32" Line="24" ID="44" toTI="55"/>
   <type Family="Base" Name="short int" ID="62"/>
   <type Family="Base" Name="signed char" ID="69"/>
   <type Family="Base" Name="long long unsigned int" ID="76"/>
   <type Family="Base" Name="long unsigned int" ID="94"/>
   <type Family="typedef" Name="u32" Line="44" ID="83" toTI="94"/>
   <type Family="Base" Name="short unsigned int" ID="112"/>
   <type Family="typedef" Name="u16" Line="45" ID="101" toTI="112"/>
   <type Family="Base" Name="unsigned char" ID="129"/>
   <type Family="typedef" Name="u8" Line="46" ID="119" toTI="129"/>
   <type Family="Pointer" TI="157" toTI="163"/>
   <type Family="typedef" Name="PYGMYVOIDPTR" Line="216" ID="146" toTI="157"/>
   <type Family="Pointer" TI="176" toTI="182"/>
   <type Family="typedef" Name="PYGMYCMDPTR" Line="217" ID="165" toTI="176"/>
   <type Family="Pointer" TI="198" toTI="119"/>
   <type Family="ComponentList" Line="229" ID="204">
    <Component Name="Name" TI="212" Line="230" Offs="0"/>
    <Component Name="Call" TI="226" Line="231" Offs="4"/>
   </type>
   <type Family="typedef" Name="PYGMYCMD" Line="232" ID="241" toTI="204"/>
   <type Family="Base" Name="unsigned int" ID="252"/>
   <type Family="ComponentList" Line="392" ID="259">
    <Component Name="CR" TI="268" Line="394" Offs="0"/>
    <Component Name="CFGR" TI="282" Line="395" Offs="4"/>
    <Component Name="CIR" TI="297" Line="396" Offs="8"/>
    <Component Name="APB2RSTR" TI="312" Line="397" Offs="12"/>
    <Component Name="APB1RSTR" TI="327" Line="398" Offs="16"/>
    <Component Name="AHBENR" TI="342" Line="399" Offs="20"/>
    <Component Name="APB2ENR" TI="357" Line="400" Offs="24"/>
    <Component Name="APB1ENR" TI="372" Line="401" Offs="28"/>
    <Component Name="BDCR" TI="387" Line="402" Offs="32"/>
    <Component Name="CSR" TI="402" Line="403" Offs="36"/>
    <Component Name="CFGR2" TI="417" Line="404" Offs="40"/>
   </type>
   <type Family="typedef" Name="RCC_TYPEDEF" Line="405" ID="433" toTI="259"/>
   <type Family="ComponentList" Line="1017" ID="445">
    <Component Name="KR" TI="454" Line="1019" Offs="0"/>
    <Component Name="PR" TI="468" Line="1020" Offs="4"/>
    <Component Name="RLR" TI="482" Line="1021" Offs="8"/>
    <Component Name="SR" TI="497" Line="1022" Offs="12"/>
   </type>
   <type Family="typedef" Name="IWDG_TYPEDEF" Line="1023" ID="517" toTI="445"/>
   <type Family="array" ID="529" toTI="83"/>
   <type Family="ComponentList" Line="417" ID="545">
    <Component Name="CRL" TI="554" Line="418" Offs="0"/>
    <Component Name="CRH" TI="569" Line="419" Offs="4"/>
    <Component Name="IDR" TI="584" Line="420" Offs="8"/>
    <Component Name="ODR" TI="599" Line="421" Offs="12"/>
    <Component Name="BSRR" TI="614" Line="422" Offs="16"/>
    <Component Name="BRR" TI="629" Line="423" Offs="20"/>
    <Component Name="LCKR" TI="644" Line="424" Offs="24"/>
   </type>
   <type Family="typedef" Name="GPIO" Line="425" ID="660" toTI="545"/>
   <type Family="ComponentList" Line="185" ID="672">
    <Component Name="SR" TI="680" Line="187" Offs="0"/>
    <Component Name="RESERVED0" TI="693" Line="188" Offs="2"/>
    <Component Name="DR" TI="707" Line="189" Offs="4"/>
    <Component Name="RESERVED1" TI="720" Line="190" Offs="6"/>
    <Component Name="BRR" TI="734" Line="191" Offs="8"/>
    <Component Name="RESERVED2" TI="748" Line="192" Offs="10"/>
    <Component Name="CR1" TI="762" Line="193" Offs="12"/>
    <Component Name="RESERVED3" TI="776" Line="194" Offs="14"/>
    <Component Name="CR2" TI="790" Line="195" Offs="16"/>
    <Component Name="RESERVED4" TI="804" Line="196" Offs="18"/>
    <Component Name="CR3" TI="818" Line="197" Offs="20"/>
    <Component Name="RESERVED5" TI="832" Line="198" Offs="22"/>
    <Component Name="GTPR" TI="846" Line="199" Offs="24"/>
    <Component Name="RESERVED6" TI="860" Line="200" Offs="26"/>
   </type>
   <type Family="typedef" Name="USART_TYPEDEF" Line="201" ID="875" toTI="672"/>
   <type Family="ComponentList" Name="PYGMYFILEVOLUME_TYPEDEF" Line="112" ID="886">
   <type Family="array" ID="1123" toTI="119"/>
    <Component Name="Name" TI="898" Line="113" Offs="0"/>
    <Component Name="Attributes" TI="912" Line="114" Offs="14"/>
    <Component Name="ActiveFiles" TI="926" Line="115" Offs="16"/>
    <Component Name="ActiveFAT" TI="940" Line="116" Offs="20"/>
    <Component Name="Sectors" TI="954" Line="117" Offs="24"/>
    <Component Name="SectorSize" TI="968" Line="118" Offs="28"/>
    <Component Name="MaxFiles" TI="982" Line="119" Offs="32"/>
    <Component Name="MediaSize" TI="996" Line="120" Offs="36"/>
    <Component Name="EntriesPerFAT" TI="1010" Line="121" Offs="40"/>
    <Component Name="FilesSectors" TI="1024" Line="122" Offs="42"/>
    <Component Name="FATSectors" TI="1038" Line="123" Offs="44"/>
    <Component Name="FirstFileSector" TI="1052" Line="124" Offs="48"/>
    <Component Name="Files_A" TI="1066" Line="125" Offs="52"/>
    <Component Name="Files_B" TI="1080" Line="126" Offs="56"/>
    <Component Name="FAT_A" TI="1094" Line="127" Offs="60"/>
    <Component Name="FAT_B" TI="1108" Line="128" Offs="64"/>
   </type>
   <type Family="typedef" Name="PYGMYFILEVOLUME" Line="129" ID="1139" toTI="886"/>
   <type Family="ComponentList" Name="PYGMYFILE_TYPEDEF" Line="131" ID="1150">
    <Component Name="Sector" TI="1162" Line="132" Offs="0"/>
    <Component Name="Length" TI="1176" Line="133" Offs="4"/>
    <Component Name="Index" TI="1190" Line="134" Offs="8"/>
    <Component Name="ID_Sector" TI="1204" Line="135" Offs="12"/>
    <Component Name="ID_File" TI="1218" Line="136" Offs="14"/>
    <Component Name="Attributes" TI="1232" Line="137" Offs="16"/>
    <Component Name="Resource" TI="1246" Line="138" Offs="20"/>
    <Component Name="Name" TI="1260" Line="139" Offs="24"/>
   </type>
   <type Family="typedef" Name="PYGMYFILE" Line="140" ID="1275" toTI="1150"/>
   <type Family="ComponentList" Line="27" ID="1286">
    <Component Name="ISER" TI="1295" Line="29" Offs="0"/>
   <type Family="array" ID="1464" toTI="83"/>
    <Component Name="RESERVED0" TI="1309" Line="30" Offs="8"/>
    <Component Name="ICER" TI="1323" Line="31" Offs="128"/>
    <Component Name="RESERVED1" TI="1338" Line="32" Offs="136"/>
    <Component Name="ISPR" TI="1353" Line="33" Offs="256"/>
    <Component Name="RESERVED2" TI="1368" Line="34" Offs="264"/>
    <Component Name="ICPR" TI="1383" Line="35" Offs="384"/>
    <Component Name="RESERVED3" TI="1398" Line="36" Offs="392"/>
    <Component Name="IABR" TI="1413" Line="37" Offs="512"/>
   <type Family="array" ID="1500" toTI="83"/>
    <Component Name="RESERVED4" TI="1428" Line="38" Offs="520"/>
   <type Family="array" ID="1516" toTI="83"/>
    <Component Name="IPR" TI="1443" Line="39" Offs="768"/>
   </type>
   <type Family="typedef" Name="NVIC_TYPEDEF" Line="40" ID="1537" toTI="1286"/>
   <type Family="ComponentList" Line="59" ID="1548">
    <Component Name="CTRL" TI="1556" Line="61" Offs="0"/>
    <Component Name="LOAD" TI="1570" Line="62" Offs="4"/>
    <Component Name="VAL" TI="1584" Line="63" Offs="8"/>
    <Component Name="CALIB" TI="1598" Line="64" Offs="12"/>
   </type>
   <type Family="typedef" Name="SYSTICK_TYPEDEF" Line="65" ID="1618" toTI="1548"/>
   <type Family="ComponentList" Line="67" ID="1629">
    <Component Name="CPUID" TI="1637" Line="69" Offs="0"/>
    <Component Name="ICSR" TI="1651" Line="70" Offs="4"/>
    <Component Name="VTOR" TI="1665" Line="71" Offs="8"/>
    <Component Name="AIRCR" TI="1679" Line="72" Offs="12"/>
    <Component Name="SCR" TI="1693" Line="73" Offs="16"/>
    <Component Name="CCR" TI="1707" Line="74" Offs="20"/>
   <type Family="array" ID="1834" toTI="83"/>
    <Component Name="SHPR" TI="1721" Line="75" Offs="24"/>
    <Component Name="SHCSR" TI="1735" Line="76" Offs="36"/>
    <Component Name="CFSR" TI="1749" Line="77" Offs="40"/>
    <Component Name="HFSR" TI="1763" Line="78" Offs="44"/>
    <Component Name="DFSR" TI="1777" Line="79" Offs="48"/>
    <Component Name="MMFAR" TI="1791" Line="80" Offs="52"/>
    <Component Name="BFAR" TI="1805" Line="81" Offs="56"/>
    <Component Name="AFSR" TI="1819" Line="82" Offs="60"/>
   </type>
   <type Family="typedef" Name="SCB_TYPEDEF" Line="83" ID="1855" toTI="1629"/>
   <function Name="cmdReset" TI="119" FileName="C:\Users\MightyDubster\Ride7\Nebula\boot\main.c" Line="641">
    <parameter Name="ucParams" TI="198" FileName="C:\Users\MightyDubster\Ride7\Nebula\boot\main.c" Line="641" Addr="0x0" Param="Yes"/>
   </function >
   <function Name="cmdNull" TI="119" FileName="C:\Users\MightyDubster\Ride7\Nebula\boot\main.c" Line="750">
    <parameter Name="ucParams" TI="198" FileName="C:\Users\MightyDubster\Ride7\Nebula\boot\main.c" Line="750" Addr="0x0" Param="Yes"/>
   </function >
   <function Name="cmdMv" TI="119" FileName="C:\Users\MightyDubster\Ride7\Nebula\boot\main.c" Line="627">
    <parameter Name="ucParams" TI="198" FileName="C:\Users\MightyDubster\Ride7\Nebula\boot\main.c" Line="627" Addr="0x0" Param="Yes"/>
   </function >
   <function Name="cmdRm" TI="119" FileName="C:\Users\MightyDubster\Ride7\Nebula\boot\main.c" Line="600">
    <parameter Name="ucParams" TI="198" FileName="C:\Users\MightyDubster\Ride7\Nebula\boot\main.c" Line="600" Addr="0x0" Param="Yes"/>
   </function >
   <function Name="cmdSend" TI="119" FileName="C:\Users\MightyDubster\Ride7\Nebula\boot\main.c" Line="552">
    <parameter Name="ucParams" TI="198" FileName="C:\Users\MightyDubster\Ride7\Nebula\boot\main.c" Line="552" Addr="0x0" Param="Yes"/>
    <variable Name="ucSubString" FileName="C:\Users\MightyDubster\Ride7\Nebula\boot\main.c" Line="554" Addr="0x0" TI="198"/>
   </function >
   <function Name="cmdRecv" TI="119" FileName="C:\Users\MightyDubster\Ride7\Nebula\boot\main.c" Line="536">
    <parameter Name="ucParams" TI="198" FileName="C:\Users\MightyDubster\Ride7\Nebula\boot\main.c" Line="536" Addr="0x0" Param="Yes"/>
    <variable Name="ucSubString" FileName="C:\Users\MightyDubster\Ride7\Nebula\boot\main.c" Line="538" Addr="0x0" TI="198"/>
   </function >
   <function Name="cmdFormat" TI="119" FileName="C:\Users\MightyDubster\Ride7\Nebula\boot\main.c" Line="529">
    <parameter Name="ucParams" TI="198" FileName="C:\Users\MightyDubster\Ride7\Nebula\boot\main.c" Line="529" Addr="0x0" Param="Yes"/>
   </function >
   <function Name="cmdErase" TI="119" FileName="C:\Users\MightyDubster\Ride7\Nebula\boot\main.c" Line="520">
    <parameter Name="ucParams" TI="198" FileName="C:\Users\MightyDubster\Ride7\Nebula\boot\main.c" Line="520" Addr="0x0" Param="Yes"/>
   </function >
   <function Name="generateBaud" TI="101" FileName="C:\Users\MightyDubster\Ride7\Nebula\boot\main.c" Line="193">
    <parameter Name="uiClock" TI="83" FileName="C:\Users\MightyDubster\Ride7\Nebula\boot\main.c" Line="193" Addr="0x0" Param="Yes"/>
    <parameter Name="uiRate" TI="83" FileName="C:\Users\MightyDubster\Ride7\Nebula\boot\main.c" Line="193" Addr="0x1" Param="Yes"/>
   </function >
   <function Name="putcUSART3" TI="0" FileName="C:\Users\MightyDubster\Ride7\Nebula\boot\main.c" Line="331">
    <parameter Name="ucChar" TI="119" FileName="C:\Users\MightyDubster\Ride7\Nebula\boot\main.c" Line="331" Addr="0x0" Param="Yes"/>
   </function >
   <function Name="putIntUSART3" TI="0" FileName="C:\Users\MightyDubster\Ride7\Nebula\boot\main.c" Line="315">
    <parameter Name="ulData" TI="83" FileName="C:\Users\MightyDubster\Ride7\Nebula\boot\main.c" Line="315" Addr="0x0" Param="Yes"/>
    <variable Name="i" FileName="C:\Users\MightyDubster\Ride7\Nebula\boot\main.c" Line="317" Addr="0x0" TI="44"/>
    <variable Name="iMagnitude" FileName="C:\Users\MightyDubster\Ride7\Nebula\boot\main.c" Line="317" Addr="0x0" TI="44"/>
    <variable Name="iValue" FileName="C:\Users\MightyDubster\Ride7\Nebula\boot\main.c" Line="317" Addr="0x7" TI="44"/>
   </function >
   <function Name="cmdTest" TI="119" FileName="C:\Users\MightyDubster\Ride7\Nebula\boot\main.c" Line="715">
    <parameter Name="ucParams" TI="198" FileName="C:\Users\MightyDubster\Ride7\Nebula\boot\main.c" Line="715" Addr="0x0" Param="Yes"/>
   </function >
   <function Name="cmdRead" TI="119" FileName="C:\Users\MightyDubster\Ride7\Nebula\boot\main.c" Line="569">
    <parameter Name="ucParams" TI="198" FileName="C:\Users\MightyDubster\Ride7\Nebula\boot\main.c" Line="569" Addr="0x0" Param="Yes"/>
    <variable Name="i" FileName="C:\Users\MightyDubster\Ride7\Nebula\boot\main.c" Line="571" Addr="0x4" TI="101"/>
    <variable Name="ucSubString" FileName="C:\Users\MightyDubster\Ride7\Nebula\boot\main.c" Line="572" Addr="0x0" TI="198"/>
    <variable Name="ucChar" FileName="C:\Users\MightyDubster\Ride7\Nebula\boot\main.c" Line="572" Addr="0x0" TI="119"/>
   </function >
   <function Name="putBufferUSART3" TI="0" FileName="C:\Users\MightyDubster\Ride7\Nebula\boot\main.c" Line="306">
    <parameter Name="uiLen" TI="101" FileName="C:\Users\MightyDubster\Ride7\Nebula\boot\main.c" Line="306" Addr="0x0" Param="Yes"/>
    <parameter Name="ucBuffer" TI="198" FileName="C:\Users\MightyDubster\Ride7\Nebula\boot\main.c" Line="306" Addr="0x1" Param="Yes"/>
    <variable Name="i" FileName="C:\Users\MightyDubster\Ride7\Nebula\boot\main.c" Line="308" Addr="0x0" TI="101"/>
   </function >
   <function Name="putstr" TI="0" FileName="C:\Users\MightyDubster\Ride7\Nebula\boot\main.c" Line="337">
    <parameter Name="ucBuffer" TI="198" FileName="C:\Users\MightyDubster\Ride7\Nebula\boot\main.c" Line="337" Addr="0x0" Param="Yes"/>
   </function >
   <function Name="cmdLs" TI="119" FileName="C:\Users\MightyDubster\Ride7\Nebula\boot\main.c" Line="607">
    <parameter Name="ucParams" TI="198" FileName="C:\Users\MightyDubster\Ride7\Nebula\boot\main.c" Line="607" Addr="0x0" Param="Yes"/>
    <variable Name="i" FileName="C:\Users\MightyDubster\Ride7\Nebula\boot\main.c" Line="609" Addr="0x0" TI="101"/>
    <variable Name="uiID" FileName="C:\Users\MightyDubster\Ride7\Nebula\boot\main.c" Line="609" Addr="0x0" TI="101"/>
   </function >
   <function Name="bootBootOS" TI="0" FileName="C:\Users\MightyDubster\Ride7\Nebula\boot\main.c" Line="290">
    <variable Name="pygmyMain" FileName="C:\Users\MightyDubster\Ride7\Nebula\boot\main.c" Line="292" Addr="0x0" TI="146"/>
   <type Family="Pointer" TI="2859" toTI="83"/>
   </function >
   <function Name="bootTestAndLoad" TI="0" FileName="C:\Users\MightyDubster\Ride7\Nebula\boot\main.c" Line="260">
    <variable Name="i" FileName="C:\Users\MightyDubster\Ride7\Nebula\boot\main.c" Line="262" Addr="0x4" TI="83"/>
   <type Family="array" ID="2950" toTI="119"/>
    <variable Name="ucBuffer" FileName="C:\Users\MightyDubster\Ride7\Nebula\boot\main.c" Line="263" Addr="0x34000000" TI="2950"/>
    <variable Name="ucSubString" FileName="C:\Users\MightyDubster\Ride7\Nebula\boot\main.c" Line="263" Addr="0x0" TI="198"/>
   </function >
   <function Name="bootTest" TI="119" FileName="C:\Users\MightyDubster\Ride7\Nebula\boot\main.c" Line="211">
    <variable Name="i" FileName="C:\Users\MightyDubster\Ride7\Nebula\boot\main.c" Line="214" Addr="0x4" TI="83"/>
    <variable Name="ucBuffer" FileName="C:\Users\MightyDubster\Ride7\Nebula\boot\main.c" Line="215" Addr="0xC000000" TI="2950"/>
    <variable Name="ucCalculatedSum" FileName="C:\Users\MightyDubster\Ride7\Nebula\boot\main.c" Line="215" Addr="0xC000050" TI="119"/>
    <variable Name="ucSubString" FileName="C:\Users\MightyDubster\Ride7\Nebula\boot\main.c" Line="215" Addr="0x51" TI="198"/>
   </function >
   <function Name="cmdFlash" TI="119" FileName="C:\Users\MightyDubster\Ride7\Nebula\boot\main.c" Line="658">
    <parameter Name="ucParams" TI="198" FileName="C:\Users\MightyDubster\Ride7\Nebula\boot\main.c" Line="658" Addr="0x0" Param="Yes"/>
   </function >
   <function Name="cmdBoot" TI="119" FileName="C:\Users\MightyDubster\Ride7\Nebula\boot\main.c" Line="648">
    <parameter Name="ucParams" TI="198" FileName="C:\Users\MightyDubster\Ride7\Nebula\boot\main.c" Line="648" Addr="0x0" Param="Yes"/>
   </function >
   <type Family="Base" Name="int" ID="3173"/>
   <function Name="main" TI="3173" FileName="C:\Users\MightyDubster\Ride7\Nebula\boot\main.c" Line="105">
   </function >
   <function Name="xmodemWritePacket" TI="119" FileName="C:\Users\MightyDubster\Ride7\Nebula\boot\main.c" Line="448">
    <parameter Name="ucBuffer" TI="198" FileName="C:\Users\MightyDubster\Ride7\Nebula\boot\main.c" Line="448" Addr="0x0" Param="Yes"/>
    <variable Name="i" FileName="C:\Users\MightyDubster\Ride7\Nebula\boot\main.c" Line="450" Addr="0x0" TI="119"/>
    <variable Name="ucSum" FileName="C:\Users\MightyDubster\Ride7\Nebula\boot\main.c" Line="450" Addr="0x3" TI="119"/>
   </function >
   <function Name="xmodemSendPacket" TI="0" FileName="C:\Users\MightyDubster\Ride7\Nebula\boot\main.c" Line="466">
    <parameter Name="ucLast" TI="119" FileName="C:\Users\MightyDubster\Ride7\Nebula\boot\main.c" Line="466" Addr="0x0" Param="Yes"/>
   <type Family="array" ID="3348" toTI="119"/>
    <variable Name="ucBuffer" FileName="C:\Users\MightyDubster\Ride7\Nebula\boot\main.c" Line="468" Addr="0x20000002" TI="3348"/>
    <variable Name="i" FileName="C:\Users\MightyDubster\Ride7\Nebula\boot\main.c" Line="469" Addr="0x0" TI="119"/>
    <variable Name="ucSum" FileName="C:\Users\MightyDubster\Ride7\Nebula\boot\main.c" Line="469" Addr="0x0" TI="119"/>
   </function >
   <function Name="SysTick_Handler" TI="0" FileName="C:\Users\MightyDubster\Ride7\Nebula\boot\main.c" Line="485">
   </function >
   <function Name="executeCmd" TI="119" FileName="C:\Users\MightyDubster\Ride7\Nebula\boot\main.c" Line="755">
    <parameter Name="ucBuffer" TI="198" FileName="C:\Users\MightyDubster\Ride7\Nebula\boot\main.c" Line="755" Addr="0x0" Param="Yes"/>
   <type Family="Pointer" TI="3479" toTI="241"/>
    <parameter Name="pygmyCommands" TI="3479" FileName="C:\Users\MightyDubster\Ride7\Nebula\boot\main.c" Line="755" Addr="0x1" Param="Yes"/>
    <variable Name="i" FileName="C:\Users\MightyDubster\Ride7\Nebula\boot\main.c" Line="757" Addr="0x4" TI="101"/>
    <variable Name="ucCommand" FileName="C:\Users\MightyDubster\Ride7\Nebula\boot\main.c" Line="758" Addr="0x0" TI="198"/>
   </function >
   <function Name="USART3_IRQHandler" TI="0" FileName="C:\Users\MightyDubster\Ride7\Nebula\boot\main.c" Line="344">
   <type Family="array" ID="3564" toTI="119"/>
    <variable Name="ucBuffer" FileName="C:\Users\MightyDubster\Ride7\Nebula\boot\main.c" Line="346" Addr="0x20000087" TI="3564"/>
    <variable Name="ucIndex" FileName="C:\Users\MightyDubster\Ride7\Nebula\boot\main.c" Line="346" Addr="0x20000086" TI="119"/>
    <variable Name="ucByte" FileName="C:\Users\MightyDubster\Ride7\Nebula\boot\main.c" Line="348" Addr="0x6" TI="119"/>
   </function >
   <type Family="Base" Name="char" ID="3609"/>
   <type Family="array" ID="3593" toTI="3609"/>
   <type Family="array" ID="3634" toTI="3609"/>
   <type Family="array" ID="3668" toTI="3609"/>
   <type Family="array" ID="3702" toTI="3609"/>
   <type Family="array" ID="3736" toTI="241"/>
   <variable Name="BOOT_OK" FileName="C:\Users\MightyDubster\Ride7\Nebula\boot\main.c" Line="77" Addr="0x8001DDC" TI="3897"/>
   <variable Name="BOOT_ERROR" FileName="C:\Users\MightyDubster\Ride7\Nebula\boot\main.c" Line="78" Addr="0x8001DAD" TI="3920"/>
   <variable Name="BOOT_filename" FileName="C:\Users\MightyDubster\Ride7\Nebula\boot\main.c" Line="80" Addr="0x8001DA4" TI="3943"/>
   <variable Name="BOOT_greeting" FileName="C:\Users\MightyDubster\Ride7\Nebula\boot\main.c" Line="81" Addr="0x8001DB5" TI="3966"/>
   <variable Name="BOOTCOMMANDS" FileName="C:\Users\MightyDubster\Ride7\Nebula\boot\main.c" Line="83" Addr="0x8001DE4" TI="3989"/>
   <variable Name="pygmyFile" FileName="C:\Users\MightyDubster\Ride7\Nebula\boot\main.c" Line="100" Addr="0x20000230" TI="1275"/>
   <variable Name="globalFileLen" FileName="C:\Users\MightyDubster\Ride7\Nebula\boot\main.c" Line="101" Addr="0x20000228" TI="83"/>
   <variable Name="globalXMTimeout" FileName="C:\Users\MightyDubster\Ride7\Nebula\boot\main.c" Line="101" Addr="0x20000224" TI="83"/>
   <variable Name="globalTransaction" FileName="C:\Users\MightyDubster\Ride7\Nebula\boot\main.c" Line="101" Addr="0x20000258" TI="83"/>
   <variable Name="globalXMCount" FileName="C:\Users\MightyDubster\Ride7\Nebula\boot\main.c" Line="101" Addr="0x2000025C" TI="83"/>
   <variable Name="globalBootTimeout" FileName="C:\Users\MightyDubster\Ride7\Nebula\boot\main.c" Line="102" Addr="0x2000022C" TI="512"/>
   <variable Name="globalStatus" FileName="C:\Users\MightyDubster\Ride7\Nebula\boot\main.c" Line="103" Addr="0x20000000" TI="3848"/>
   <variable Name="globalBootStatus" FileName="C:\Users\MightyDubster\Ride7\Nebula\boot\main.c" Line="103" Addr="0x20000001" TI="3848"/>
  </module>
  <module Name="C:\Users\MightyDubster\Ride7\pygmy\pygmy_file.c" >
   <type Family="Base" Name="long long int" ID="4176"/>
   <type Family="Base" Name="long int" ID="4194"/>
   <type Family="typedef" Name="s32" Line="24" ID="4183" toTI="4194"/>
   <type Family="Base" Name="short int" ID="4201"/>
   <type Family="Base" Name="signed char" ID="4208"/>
   <type Family="Base" Name="long long unsigned int" ID="4215"/>
   <type Family="Base" Name="long unsigned int" ID="4233"/>
   <type Family="typedef" Name="u32" Line="44" ID="4222" toTI="4233"/>
   <type Family="Base" Name="short unsigned int" ID="4251"/>
   <type Family="typedef" Name="u16" Line="45" ID="4240" toTI="4251"/>
   <type Family="Base" Name="unsigned char" ID="4268"/>
   <type Family="typedef" Name="u8" Line="46" ID="4258" toTI="4268"/>
   <type Family="Pointer" TI="4280" toTI="4258"/>
   <type Family="Base" Name="unsigned int" ID="4286"/>
   <type Family="ComponentList" Line="417" ID="4293">
    <Component Name="CRL" TI="4302" Line="418" Offs="0"/>
    <Component Name="CRH" TI="4317" Line="419" Offs="4"/>
    <Component Name="IDR" TI="4332" Line="420" Offs="8"/>
    <Component Name="ODR" TI="4347" Line="421" Offs="12"/>
    <Component Name="BSRR" TI="4362" Line="422" Offs="16"/>
    <Component Name="BRR" TI="4377" Line="423" Offs="20"/>
    <Component Name="LCKR" TI="4392" Line="424" Offs="24"/>
   </type>
   <type Family="typedef" Name="GPIO" Line="425" ID="4408" toTI="4293"/>
   <type Family="Pointer" TI="4420" toTI="4408"/>
   <type Family="ComponentList" Line="324" ID="4426">
    <Component Name="PortCS" TI="4435" Line="325" Offs="0"/>
    <Component Name="PortSCK" TI="4450" Line="326" Offs="4"/>
    <Component Name="PortMOSI" TI="4465" Line="327" Offs="8"/>
    <Component Name="PortMISO" TI="4480" Line="328" Offs="12"/>
    <Component Name="PinCS" TI="4495" Line="329" Offs="16"/>
    <Component Name="PinSCK" TI="4510" Line="330" Offs="18"/>
    <Component Name="PinMOSI" TI="4525" Line="331" Offs="20"/>
    <Component Name="PinMISO" TI="4540" Line="332" Offs="22"/>
   </type>
   <type Family="typedef" Name="PYGMYSPIPORT" Line="333" ID="4556" toTI="4426"/>
   <type Family="ComponentList" Name="PYGMYFILEVOLUME_TYPEDEF" Line="112" ID="4568">
   <type Family="array" ID="4805" toTI="4258"/>
    <Component Name="Name" TI="4580" Line="113" Offs="0"/>
    <Component Name="Attributes" TI="4594" Line="114" Offs="14"/>
    <Component Name="ActiveFiles" TI="4608" Line="115" Offs="16"/>
    <Component Name="ActiveFAT" TI="4622" Line="116" Offs="20"/>
    <Component Name="Sectors" TI="4636" Line="117" Offs="24"/>
    <Component Name="SectorSize" TI="4650" Line="118" Offs="28"/>
    <Component Name="MaxFiles" TI="4664" Line="119" Offs="32"/>
    <Component Name="MediaSize" TI="4678" Line="120" Offs="36"/>
    <Component Name="EntriesPerFAT" TI="4692" Line="121" Offs="40"/>
    <Component Name="FilesSectors" TI="4706" Line="122" Offs="42"/>
    <Component Name="FATSectors" TI="4720" Line="123" Offs="44"/>
    <Component Name="FirstFileSector" TI="4734" Line="124" Offs="48"/>
    <Component Name="Files_A" TI="4748" Line="125" Offs="52"/>
    <Component Name="Files_B" TI="4762" Line="126" Offs="56"/>
    <Component Name="FAT_A" TI="4776" Line="127" Offs="60"/>
    <Component Name="FAT_B" TI="4790" Line="128" Offs="64"/>
   </type>
   <type Family="typedef" Name="PYGMYFILEVOLUME" Line="129" ID="4821" toTI="4568"/>
   <type Family="ComponentList" Name="PYGMYFILE_TYPEDEF" Line="131" ID="4832">
    <Component Name="Sector" TI="4844" Line="132" Offs="0"/>
    <Component Name="Length" TI="4858" Line="133" Offs="4"/>
    <Component Name="Index" TI="4872" Line="134" Offs="8"/>
    <Component Name="ID_Sector" TI="4886" Line="135" Offs="12"/>
    <Component Name="ID_File" TI="4900" Line="136" Offs="14"/>
    <Component Name="Attributes" TI="4914" Line="137" Offs="16"/>
    <Component Name="Resource" TI="4928" Line="138" Offs="20"/>
    <Component Name="Name" TI="4942" Line="139" Offs="24"/>
   </type>
   <type Family="typedef" Name="PYGMYFILE" Line="140" ID="4957" toTI="4832"/>
   <type Family="Pointer" TI="5040" toTI="4957"/>
   <function Name="isValidFileName" TI="4258" FileName="C:\Users\MightyDubster\Ride7\pygmy\pygmy_file.c" Line="213">
    <parameter Name="ucName" TI="4280" FileName="C:\Users\MightyDubster\Ride7\pygmy\pygmy_file.c" Line="213" Addr="0x0" Param="Yes"/>
    <variable Name="i" FileName="C:\Users\MightyDubster\Ride7\pygmy\pygmy_file.c" Line="215" Addr="0x0" TI="4258"/>
   </function >
   <function Name="spiWriteByte" TI="0" FileName="C:\Users\MightyDubster\Ride7\pygmy\pygmy_file.c" Line="878">
   <type Family="Pointer" TI="5359" toTI="4556"/>
    <parameter Name="pymgyPort" TI="5359" FileName="C:\Users\MightyDubster\Ride7\pygmy\pygmy_file.c" Line="878" Addr="0x0" Param="Yes"/>
    <parameter Name="ucByte" TI="4258" FileName="C:\Users\MightyDubster\Ride7\pygmy\pygmy_file.c" Line="878" Addr="0x1" Param="Yes"/>
    <variable Name="i" FileName="C:\Users\MightyDubster\Ride7\pygmy\pygmy_file.c" Line="881" Addr="0x0" TI="4240"/>
   </function >
   <function Name="spiWriteLong" TI="0" FileName="C:\Users\MightyDubster\Ride7\pygmy\pygmy_file.c" Line="912">
    <parameter Name="pymgyPort" TI="5359" FileName="C:\Users\MightyDubster\Ride7\pygmy\pygmy_file.c" Line="912" Addr="0x0" Param="Yes"/>
    <parameter Name="ulLong" TI="4222" FileName="C:\Users\MightyDubster\Ride7\pygmy\pygmy_file.c" Line="912" Addr="0x1" Param="Yes"/>
    <variable Name="i" FileName="C:\Users\MightyDubster\Ride7\pygmy\pygmy_file.c" Line="915" Addr="0x0" TI="4240"/>
   </function >
   <function Name="spiReadByte" TI="4258" FileName="C:\Users\MightyDubster\Ride7\pygmy\pygmy_file.c" Line="929">
    <parameter Name="pymgyPort" TI="5359" FileName="C:\Users\MightyDubster\Ride7\pygmy\pygmy_file.c" Line="929" Addr="0x0" Param="Yes"/>
    <variable Name="i" FileName="C:\Users\MightyDubster\Ride7\pygmy\pygmy_file.c" Line="932" Addr="0x0" TI="4240"/>
    <variable Name="ucByte" FileName="C:\Users\MightyDubster\Ride7\pygmy\pygmy_file.c" Line="933" Addr="0x0" TI="4258"/>
   </function >
   <function Name="flashReadWord" TI="4240" FileName="C:\Users\MightyDubster\Ride7\pygmy\pygmy_file.c" Line="949">
    <parameter Name="ulAddress" TI="4222" FileName="C:\Users\MightyDubster\Ride7\pygmy\pygmy_file.c" Line="949" Addr="0x10" Param="Yes"/>
    <variable Name="uiWord" FileName="C:\Users\MightyDubster\Ride7\pygmy\pygmy_file.c" Line="951" Addr="0x5" TI="4240"/>
   </function >
   <function Name="flashReadLong" TI="4222" FileName="C:\Users\MightyDubster\Ride7\pygmy\pygmy_file.c" Line="963">
    <parameter Name="ulAddress" TI="4222" FileName="C:\Users\MightyDubster\Ride7\pygmy\pygmy_file.c" Line="963" Addr="0x18" Param="Yes"/>
    <variable Name="ulLong" FileName="C:\Users\MightyDubster\Ride7\pygmy\pygmy_file.c" Line="965" Addr="0x6" TI="4222"/>
   </function >
   <function Name="flashReadByte" TI="4258" FileName="C:\Users\MightyDubster\Ride7\pygmy\pygmy_file.c" Line="979">
    <parameter Name="ulAddress" TI="4222" FileName="C:\Users\MightyDubster\Ride7\pygmy\pygmy_file.c" Line="979" Addr="0x8" Param="Yes"/>
   </function >
   <function Name="getActiveFiles" TI="4222" FileName="C:\Users\MightyDubster\Ride7\pygmy\pygmy_file.c" Line="493">
   </function >
   <function Name="getFAT" TI="4240" FileName="C:\Users\MightyDubster\Ride7\pygmy\pygmy_file.c" Line="402">
    <parameter Name="uiID" TI="4240" FileName="C:\Users\MightyDubster\Ride7\pygmy\pygmy_file.c" Line="402" Addr="0x0" Param="Yes"/>
    <parameter Name="ucIndex" TI="4258" FileName="C:\Users\MightyDubster\Ride7\pygmy\pygmy_file.c" Line="402" Addr="0x1" Param="Yes"/>
    <variable Name="ucAlloc" FileName="C:\Users\MightyDubster\Ride7\pygmy\pygmy_file.c" Line="404" Addr="0x0" TI="4258"/>
    <variable Name="ucID_Sector" FileName="C:\Users\MightyDubster\Ride7\pygmy\pygmy_file.c" Line="404" Addr="0x0" TI="4258"/>
    <variable Name="i" FileName="C:\Users\MightyDubster\Ride7\pygmy\pygmy_file.c" Line="405" Addr="0x0" TI="4240"/>
    <variable Name="uiTmpID" FileName="C:\Users\MightyDubster\Ride7\pygmy\pygmy_file.c" Line="405" Addr="0x0" TI="4240"/>
   </function >
   <function Name="fileGetChar" TI="4258" FileName="C:\Users\MightyDubster\Ride7\pygmy\pygmy_file.c" Line="713">
    <parameter Name="pygmyFile" TI="5040" FileName="C:\Users\MightyDubster\Ride7\pygmy\pygmy_file.c" Line="713" Addr="0x0" Param="Yes"/>
    <variable Name="pygmyFilePtr" FileName="C:\Users\MightyDubster\Ride7\pygmy\pygmy_file.c" Line="716" Addr="0x20000188" TI="5040"/>
    <variable Name="ulIndex" FileName="C:\Users\MightyDubster\Ride7\pygmy\pygmy_file.c" Line="717" Addr="0x2000018C" TI="4222"/>
    <variable Name="i" FileName="C:\Users\MightyDubster\Ride7\pygmy\pygmy_file.c" Line="718" Addr="0x0" TI="4222"/>
    <variable Name="ulAddress" FileName="C:\Users\MightyDubster\Ride7\pygmy\pygmy_file.c" Line="718" Addr="0x4000018" TI="4222"/>
    <variable Name="ucIndex" FileName="C:\Users\MightyDubster\Ride7\pygmy\pygmy_file.c" Line="719" Addr="0x20000190" TI="4258"/>
    <variable Name="ucChar" FileName="C:\Users\MightyDubster\Ride7\pygmy\pygmy_file.c" Line="719" Addr="0x20000191" TI="4258"/>
   <type Family="array" ID="6084" toTI="4258"/>
    <variable Name="ucBuffer" FileName="C:\Users\MightyDubster\Ride7\pygmy\pygmy_file.c" Line="719" Addr="0x20000192" TI="6084"/>
   </function >
   <function Name="getFileLength" TI="4222" FileName="C:\Users\MightyDubster\Ride7\pygmy\pygmy_file.c" Line="613">
    <parameter Name="ulID_File" TI="4222" FileName="C:\Users\MightyDubster\Ride7\pygmy\pygmy_file.c" Line="613" Addr="0x0" Param="Yes"/>
    <variable Name="i" FileName="C:\Users\MightyDubster\Ride7\pygmy\pygmy_file.c" Line="615" Addr="0x10000014" TI="4222"/>
    <variable Name="ulLen" FileName="C:\Users\MightyDubster\Ride7\pygmy\pygmy_file.c" Line="615" Addr="0x0" TI="4222"/>
    <variable Name="ulAddress" FileName="C:\Users\MightyDubster\Ride7\pygmy\pygmy_file.c" Line="615" Addr="0x0" TI="4222"/>
   </function >
   <function Name="seekFileName" TI="4240" FileName="C:\Users\MightyDubster\Ride7\pygmy\pygmy_file.c" Line="317">
    <parameter Name="ucName" TI="4280" FileName="C:\Users\MightyDubster\Ride7\pygmy\pygmy_file.c" Line="317" Addr="0x0" Param="Yes"/>
    <variable Name="i" FileName="C:\Users\MightyDubster\Ride7\pygmy\pygmy_file.c" Line="319" Addr="0x0" TI="4222"/>
    <variable Name="ii" FileName="C:\Users\MightyDubster\Ride7\pygmy\pygmy_file.c" Line="319" Addr="0x7" TI="4222"/>
   <type Family="array" ID="6284" toTI="4258"/>
    <variable Name="ucBuffer" FileName="C:\Users\MightyDubster\Ride7\pygmy\pygmy_file.c" Line="320" Addr="0x10000000" TI="6284"/>
   </function >
   <function Name="getFileName" TI="4240" FileName="C:\Users\MightyDubster\Ride7\pygmy\pygmy_file.c" Line="286">
    <parameter Name="uiFileEntry" TI="4240" FileName="C:\Users\MightyDubster\Ride7\pygmy\pygmy_file.c" Line="286" Addr="0x0" Param="Yes"/>
    <parameter Name="ucName" TI="4280" FileName="C:\Users\MightyDubster\Ride7\pygmy\pygmy_file.c" Line="286" Addr="0x1" Param="Yes"/>
    <variable Name="ulAddress" FileName="C:\Users\MightyDubster\Ride7\pygmy\pygmy_file.c" Line="290" Addr="0x6" TI="4222"/>
    <variable Name="i" FileName="C:\Users\MightyDubster\Ride7\pygmy\pygmy_file.c" Line="291" Addr="0x0" TI="4258"/>
   </function >
   <function Name="getFreeSpace" TI="4222" FileName="C:\Users\MightyDubster\Ride7\pygmy\pygmy_file.c" Line="196">
    <variable Name="ulFreeSpace" FileName="C:\Users\MightyDubster\Ride7\pygmy\pygmy_file.c" Line="198" Addr="0x0" TI="4222"/>
    <variable Name="i" FileName="C:\Users\MightyDubster\Ride7\pygmy\pygmy_file.c" Line="199" Addr="0x0" TI="4240"/>
    <variable Name="ucByte" FileName="C:\Users\MightyDubster\Ride7\pygmy\pygmy_file.c" Line="200" Addr="0x0" TI="4258"/>
   </function >
   <function Name="flashReadStatus" TI="4258" FileName="C:\Users\MightyDubster\Ride7\pygmy\pygmy_file.c" Line="1005">
   </function >
   <function Name="flashReadID" TI="4258" FileName="C:\Users\MightyDubster\Ride7\pygmy\pygmy_file.c" Line="1017">
   </function >
   <function Name="flashWaitForBusy" TI="0" FileName="C:\Users\MightyDubster\Ride7\pygmy\pygmy_file.c" Line="1057">
   </function >
   <function Name="flashChipErase" TI="4258" FileName="C:\Users\MightyDubster\Ride7\pygmy\pygmy_file.c" Line="1044">
   </function >
   <function Name="flashSectorErase" TI="0" FileName="C:\Users\MightyDubster\Ride7\pygmy\pygmy_file.c" Line="1032">
    <parameter Name="ulSector" TI="4222" FileName="C:\Users\MightyDubster\Ride7\pygmy\pygmy_file.c" Line="1032" Addr="0x0" Param="Yes"/>
   </function >
   <function Name="flashWriteByte" TI="0" FileName="C:\Users\MightyDubster\Ride7\pygmy\pygmy_file.c" Line="1097">
    <parameter Name="ulAddress" TI="4222" FileName="C:\Users\MightyDubster\Ride7\pygmy\pygmy_file.c" Line="1097" Addr="0x0" Param="Yes"/>
    <parameter Name="ucByte" TI="4258" FileName="C:\Users\MightyDubster\Ride7\pygmy\pygmy_file.c" Line="1097" Addr="0x1" Param="Yes"/>
   </function >
   <function Name="flashWriteBuffer" TI="0" FileName="C:\Users\MightyDubster\Ride7\pygmy\pygmy_file.c" Line="1086">
    <parameter Name="ulAddress" TI="4222" FileName="C:\Users\MightyDubster\Ride7\pygmy\pygmy_file.c" Line="1086" Addr="0x0" Param="Yes"/>
    <parameter Name="uiLen" TI="4240" FileName="C:\Users\MightyDubster\Ride7\pygmy\pygmy_file.c" Line="1086" Addr="0x1" Param="Yes"/>
    <parameter Name="ucBuffer" TI="4280" FileName="C:\Users\MightyDubster\Ride7\pygmy\pygmy_file.c" Line="1086" Addr="0x2" Param="Yes"/>
    <variable Name="i" FileName="C:\Users\MightyDubster\Ride7\pygmy\pygmy_file.c" Line="1089" Addr="0x0" TI="4222"/>
   </function >
   <function Name="flashWriteLong" TI="0" FileName="C:\Users\MightyDubster\Ride7\pygmy\pygmy_file.c" Line="1068">
    <parameter Name="ulAddress" TI="4222" FileName="C:\Users\MightyDubster\Ride7\pygmy\pygmy_file.c" Line="1068" Addr="0x0" Param="Yes"/>
    <parameter Name="ulLong" TI="4222" FileName="C:\Users\MightyDubster\Ride7\pygmy\pygmy_file.c" Line="1068" Addr="0x1" Param="Yes"/>
    <variable Name="i" FileName="C:\Users\MightyDubster\Ride7\pygmy\pygmy_file.c" Line="1070" Addr="0x0" TI="4258"/>
   </function >
   <function Name="writeFileLength" TI="4258" FileName="C:\Users\MightyDubster\Ride7\pygmy\pygmy_file.c" Line="589">
    <parameter Name="pygmyFile" TI="5040" FileName="C:\Users\MightyDubster\Ride7\pygmy\pygmy_file.c" Line="589" Addr="0x0" Param="Yes"/>
    <parameter Name="ulLength" TI="4222" FileName="C:\Users\MightyDubster\Ride7\pygmy\pygmy_file.c" Line="589" Addr="0x1" Param="Yes"/>
    <variable Name="i" FileName="C:\Users\MightyDubster\Ride7\pygmy\pygmy_file.c" Line="591" Addr="0x4" TI="4222"/>
    <variable Name="ulTmp" FileName="C:\Users\MightyDubster\Ride7\pygmy\pygmy_file.c" Line="591" Addr="0x0" TI="4222"/>
    <variable Name="ulAddress" FileName="C:\Users\MightyDubster\Ride7\pygmy\pygmy_file.c" Line="591" Addr="0x6" TI="4222"/>
   </function >
   <function Name="flashWriteWord" TI="0" FileName="C:\Users\MightyDubster\Ride7\pygmy\pygmy_file.c" Line="1062">
    <parameter Name="ulAddress" TI="4222" FileName="C:\Users\MightyDubster\Ride7\pygmy\pygmy_file.c" Line="1062" Addr="0x0" Param="Yes"/>
    <parameter Name="uiWord" TI="4240" FileName="C:\Users\MightyDubster\Ride7\pygmy\pygmy_file.c" Line="1062" Addr="0x1" Param="Yes"/>
   </function >
   <function Name="deleteFATEntry" TI="4258" FileName="C:\Users\MightyDubster\Ride7\pygmy\pygmy_file.c" Line="520">
    <parameter Name="uiID_File" TI="4240" FileName="C:\Users\MightyDubster\Ride7\pygmy\pygmy_file.c" Line="520" Addr="0x0" Param="Yes"/>
    <parameter Name="ucID_Sector" TI="4258" FileName="C:\Users\MightyDubster\Ride7\pygmy\pygmy_file.c" Line="520" Addr="0x1" Param="Yes"/>
    <variable Name="i" FileName="C:\Users\MightyDubster\Ride7\pygmy\pygmy_file.c" Line="522" Addr="0x0" TI="4222"/>
    <variable Name="ii" FileName="C:\Users\MightyDubster\Ride7\pygmy\pygmy_file.c" Line="522" Addr="0x8" TI="4222"/>
    <variable Name="uiTmpID" FileName="C:\Users\MightyDubster\Ride7\pygmy\pygmy_file.c" Line="523" Addr="0xA" TI="4240"/>
    <variable Name="uiDeleted" FileName="C:\Users\MightyDubster\Ride7\pygmy\pygmy_file.c" Line="523" Addr="0x0" TI="4240"/>
   </function >
   <function Name="getActiveFAT" TI="4222" FileName="C:\Users\MightyDubster\Ride7\pygmy\pygmy_file.c" Line="477">
   </function >
   <function Name="getFreeFATEntry" TI="4240" FileName="C:\Users\MightyDubster\Ride7\pygmy\pygmy_file.c" Line="419">
    <variable Name="i" FileName="C:\Users\MightyDubster\Ride7\pygmy\pygmy_file.c" Line="421" Addr="0x0" TI="4222"/>
    <variable Name="ii" FileName="C:\Users\MightyDubster\Ride7\pygmy\pygmy_file.c" Line="421" Addr="0x0" TI="4222"/>
    <variable Name="ulFAT" FileName="C:\Users\MightyDubster\Ride7\pygmy\pygmy_file.c" Line="421" Addr="0x0" TI="4222"/>
    <variable Name="ulAddress" FileName="C:\Users\MightyDubster\Ride7\pygmy\pygmy_file.c" Line="421" Addr="0x5" TI="4222"/>
    <variable Name="ulEntry" FileName="C:\Users\MightyDubster\Ride7\pygmy\pygmy_file.c" Line="421" Addr="0x0" TI="4222"/>
    <variable Name="ucErased" FileName="C:\Users\MightyDubster\Ride7\pygmy\pygmy_file.c" Line="422" Addr="0x0" TI="4258"/>
   </function >
   <function Name="getFreeFileEntry" TI="4240" FileName="C:\Users\MightyDubster\Ride7\pygmy\pygmy_file.c" Line="338">
    <variable Name="ulAddress" FileName="C:\Users\MightyDubster\Ride7\pygmy\pygmy_file.c" Line="340" Addr="0x5" TI="4222"/>
    <variable Name="i" FileName="C:\Users\MightyDubster\Ride7\pygmy\pygmy_file.c" Line="341" Addr="0x1" TI="4222"/>
    <variable Name="ii" FileName="C:\Users\MightyDubster\Ride7\pygmy\pygmy_file.c" Line="341" Addr="0x0" TI="4222"/>
    <variable Name="iii" FileName="C:\Users\MightyDubster\Ride7\pygmy\pygmy_file.c" Line="341" Addr="0x8" TI="4222"/>
    <variable Name="uiErased" FileName="C:\Users\MightyDubster\Ride7\pygmy\pygmy_file.c" Line="341" Addr="0x4" TI="4222"/>
   </function >
   <function Name="allocateFAT" TI="4240" FileName="C:\Users\MightyDubster\Ride7\pygmy\pygmy_file.c" Line="265">
    <parameter Name="uiID_File" TI="4240" FileName="C:\Users\MightyDubster\Ride7\pygmy\pygmy_file.c" Line="265" Addr="0x0" Param="Yes"/>
    <parameter Name="ucID_Sector" TI="4258" FileName="C:\Users\MightyDubster\Ride7\pygmy\pygmy_file.c" Line="265" Addr="0x1" Param="Yes"/>
    <variable Name="ulFAT" FileName="C:\Users\MightyDubster\Ride7\pygmy\pygmy_file.c" Line="267" Addr="0x0" TI="4222"/>
    <variable Name="ulAddress" FileName="C:\Users\MightyDubster\Ride7\pygmy\pygmy_file.c" Line="267" Addr="0x3" TI="4222"/>
   </function >
   <function Name="filePutChar" TI="4258" FileName="C:\Users\MightyDubster\Ride7\pygmy\pygmy_file.c" Line="658">
    <parameter Name="pygmyFile" TI="5040" FileName="C:\Users\MightyDubster\Ride7\pygmy\pygmy_file.c" Line="658" Addr="0x0" Param="Yes"/>
    <parameter Name="ucChar" TI="4258" FileName="C:\Users\MightyDubster\Ride7\pygmy\pygmy_file.c" Line="658" Addr="0x1" Param="Yes"/>
    <variable Name="i" FileName="C:\Users\MightyDubster\Ride7\pygmy\pygmy_file.c" Line="660" Addr="0x0" TI="4222"/>
    <variable Name="ulAddress" FileName="C:\Users\MightyDubster\Ride7\pygmy\pygmy_file.c" Line="660" Addr="0xC000018" TI="4222"/>
   </function >
   <function Name="filePutBuffer" TI="4258" FileName="C:\Users\MightyDubster\Ride7\pygmy\pygmy_file.c" Line="636">
    <parameter Name="pygmyFile" TI="5040" FileName="C:\Users\MightyDubster\Ride7\pygmy\pygmy_file.c" Line="636" Addr="0x0" Param="Yes"/>
    <parameter Name="uiLen" TI="4240" FileName="C:\Users\MightyDubster\Ride7\pygmy\pygmy_file.c" Line="636" Addr="0x1" Param="Yes"/>
    <parameter Name="ucBuffer" TI="4280" FileName="C:\Users\MightyDubster\Ride7\pygmy\pygmy_file.c" Line="636" Addr="0x2" Param="Yes"/>
   </function >
   <function Name="fileClose" TI="4258" FileName="C:\Users\MightyDubster\Ride7\pygmy\pygmy_file.c" Line="546">
    <parameter Name="pygmyFile" TI="5040" FileName="C:\Users\MightyDubster\Ride7\pygmy\pygmy_file.c" Line="546" Addr="0x0" Param="Yes"/>
    <variable Name="i" FileName="C:\Users\MightyDubster\Ride7\pygmy\pygmy_file.c" Line="554" Addr="0x0" TI="4222"/>
    <variable Name="ulAddress" FileName="C:\Users\MightyDubster\Ride7\pygmy\pygmy_file.c" Line="554" Addr="0x7" TI="4222"/>
    <variable Name="ulAddress2" FileName="C:\Users\MightyDubster\Ride7\pygmy\pygmy_file.c" Line="554" Addr="0x0" TI="4222"/>
    <variable Name="ucByte" FileName="C:\Users\MightyDubster\Ride7\pygmy\pygmy_file.c" Line="555" Addr="0x0" TI="4258"/>
   </function >
   <function Name="fileRename" TI="4258" FileName="C:\Users\MightyDubster\Ride7\pygmy\pygmy_file.c" Line="230">
    <parameter Name="ucCurrentName" TI="4280" FileName="C:\Users\MightyDubster\Ride7\pygmy\pygmy_file.c" Line="230" Addr="0x0" Param="Yes"/>
    <parameter Name="ucName" TI="4280" FileName="C:\Users\MightyDubster\Ride7\pygmy\pygmy_file.c" Line="230" Addr="0x1" Param="Yes"/>
    <variable Name="ulFileEntry" FileName="C:\Users\MightyDubster\Ride7\pygmy\pygmy_file.c" Line="232" Addr="0x0" TI="4222"/>
    <variable Name="uiFileID" FileName="C:\Users\MightyDubster\Ride7\pygmy\pygmy_file.c" Line="233" Addr="0x0" TI="4240"/>
    <variable Name="ucAttrib" FileName="C:\Users\MightyDubster\Ride7\pygmy\pygmy_file.c" Line="234" Addr="0x0" TI="4258"/>
   </function >
   <function Name="flashWriteEnable" TI="0" FileName="C:\Users\MightyDubster\Ride7\pygmy\pygmy_file.c" Line="1111">
   </function >
   <function Name="format" TI="4258" FileName="C:\Users\MightyDubster\Ride7\pygmy\pygmy_file.c" Line="811">
    <parameter Name="ucName" TI="4280" FileName="C:\Users\MightyDubster\Ride7\pygmy\pygmy_file.c" Line="811" Addr="0x0" Param="Yes"/>
    <variable Name="ucCapacity" FileName="C:\Users\MightyDubster\Ride7\pygmy\pygmy_file.c" Line="813" Addr="0x0" TI="4258"/>
    <variable Name="uiSectors" FileName="C:\Users\MightyDubster\Ride7\pygmy\pygmy_file.c" Line="814" Addr="0x6" TI="4240"/>
    <variable Name="uiSecPerFAT" FileName="C:\Users\MightyDubster\Ride7\pygmy\pygmy_file.c" Line="814" Addr="0x0" TI="4240"/>
   </function >
   <function Name="mountRoot" TI="4258" FileName="C:\Users\MightyDubster\Ride7\pygmy\pygmy_file.c" Line="768">
    <variable Name="ulTableOffset" FileName="C:\Users\MightyDubster\Ride7\pygmy\pygmy_file.c" Line="770" Addr="0x0" TI="4222"/>
   </function >
   <function Name="fileDelete" TI="4258" FileName="C:\Users\MightyDubster\Ride7\pygmy\pygmy_file.c" Line="505">
    <parameter Name="ucName" TI="4280" FileName="C:\Users\MightyDubster\Ride7\pygmy\pygmy_file.c" Line="505" Addr="0x0" Param="Yes"/>
    <variable Name="uiFileEntry" FileName="C:\Users\MightyDubster\Ride7\pygmy\pygmy_file.c" Line="507" Addr="0x0" TI="4240"/>
   </function >
   <function Name="fileOpen" TI="4258" FileName="C:\Users\MightyDubster\Ride7\pygmy\pygmy_file.c" Line="84">
    <parameter Name="pygmyFile" TI="5040" FileName="C:\Users\MightyDubster\Ride7\pygmy\pygmy_file.c" Line="84" Addr="0x0" Param="Yes"/>
    <parameter Name="ucName" TI="4280" FileName="C:\Users\MightyDubster\Ride7\pygmy\pygmy_file.c" Line="84" Addr="0x1" Param="Yes"/>
    <parameter Name="ucAttrib" TI="4258" FileName="C:\Users\MightyDubster\Ride7\pygmy\pygmy_file.c" Line="84" Addr="0x2" Param="Yes"/>
    <variable Name="ulFileEntry" FileName="C:\Users\MightyDubster\Ride7\pygmy\pygmy_file.c" Line="86" Addr="0x0" TI="4222"/>
    <variable Name="ulEntryAddress" FileName="C:\Users\MightyDubster\Ride7\pygmy\pygmy_file.c" Line="87" Addr="0x14000018" TI="4222"/>
    <variable Name="ulNameMatch" FileName="C:\Users\MightyDubster\Ride7\pygmy\pygmy_file.c" Line="87" Addr="0x0" TI="4222"/>
   </function >
   <variable Name="pygmyRootVolume" FileName="C:\Users\MightyDubster\Ride7\pygmy\pygmy_file.c" Line="76" Addr="0x20000260" TI="4821"/>
   <variable Name="pygmyFlashSPI" FileName="C:\Users\MightyDubster\Ride7\pygmy\pygmy_file.c" Line="77" Addr="0x200002A4" TI="4556"/>
  </module>
  <module Name="C:\Users\MightyDubster\Ride7\pygmy\pygmy_fpec.c" >
   <type Family="Base" Name="long long int" ID="8561"/>
   <type Family="Base" Name="long int" ID="8568"/>
   <type Family="Base" Name="short int" ID="8575"/>
   <type Family="Base" Name="signed char" ID="8582"/>
   <type Family="Base" Name="long long unsigned int" ID="8589"/>
   <type Family="Base" Name="long unsigned int" ID="8607"/>
   <type Family="typedef" Name="u32" Line="44" ID="8596" toTI="8607"/>
   <type Family="Base" Name="short unsigned int" ID="8625"/>
   <type Family="typedef" Name="u16" Line="45" ID="8614" toTI="8625"/>
   <type Family="Base" Name="unsigned char" ID="8642"/>
   <type Family="typedef" Name="u8" Line="46" ID="8632" toTI="8642"/>
   <type Family="Pointer" TI="8649" toTI="8632"/>
   <type Family="Base" Name="unsigned int" ID="8655"/>
   <type Family="ComponentList" Line="24" ID="8667">
    <Component Name="ACR" TI="8675" Line="25" Offs="0"/>
    <Component Name="KEYR" TI="8689" Line="26" Offs="4"/>
    <Component Name="OPTKEYR" TI="8703" Line="27" Offs="8"/>
    <Component Name="SR" TI="8717" Line="28" Offs="12"/>
    <Component Name="CR" TI="8730" Line="29" Offs="16"/>
    <Component Name="AR" TI="8743" Line="30" Offs="20"/>
    <Component Name="RESERVED" TI="8756" Line="31" Offs="24"/>
    <Component Name="OBR" TI="8770" Line="32" Offs="28"/>
    <Component Name="WRPR" TI="8784" Line="33" Offs="32"/>
   </type>
   <type Family="typedef" Name="FPEC_TypeDef" Line="34" ID="8799" toTI="8667"/>
   <type Family="ComponentList" Line="47" ID="8815">
    <Component Name="Pages" TI="8823" Line="48" Offs="0"/>
   </type>
   <type Family="typedef" Name="SIZEREG_TypeDef" Line="49" ID="8838" toTI="8815"/>
   <function Name="fpecUnlock" TI="8632" FileName="C:\Users\MightyDubster\Ride7\pygmy\pygmy_fpec.c" Line="74">
   </function >
   <function Name="fpecWriteWord" TI="8632" FileName="C:\Users\MightyDubster\Ride7\pygmy\pygmy_fpec.c" Line="85">
   <type Family="Pointer" TI="8957" toTI="8614"/>
    <parameter Name="uiAddress" TI="8957" FileName="C:\Users\MightyDubster\Ride7\pygmy\pygmy_fpec.c" Line="85" Addr="0x0" Param="Yes"/>
    <parameter Name="uiData" TI="8614" FileName="C:\Users\MightyDubster\Ride7\pygmy\pygmy_fpec.c" Line="85" Addr="0x1" Param="Yes"/>
   </function >
   <function Name="fpecProcessIHEX" TI="8632" FileName="C:\Users\MightyDubster\Ride7\pygmy\pygmy_fpec.c" Line="25">
    <parameter Name="ucBuffer" TI="8649" FileName="C:\Users\MightyDubster\Ride7\pygmy\pygmy_fpec.c" Line="25" Addr="0x0" Param="Yes"/>
    <variable Name="ulAddress" FileName="C:\Users\MightyDubster\Ride7\pygmy\pygmy_fpec.c" Line="27" Addr="0x2000021C" TI="8596"/>
    <variable Name="ulAddrOffset" FileName="C:\Users\MightyDubster\Ride7\pygmy\pygmy_fpec.c" Line="27" Addr="0x20000214" TI="8596"/>
    <variable Name="ucDummy" FileName="C:\Users\MightyDubster\Ride7\pygmy\pygmy_fpec.c" Line="28" Addr="0x20000218" TI="8632"/>
    <variable Name="i" FileName="C:\Users\MightyDubster\Ride7\pygmy\pygmy_fpec.c" Line="29" Addr="0x4" TI="8614"/>
    <variable Name="uiData" FileName="C:\Users\MightyDubster\Ride7\pygmy\pygmy_fpec.c" Line="29" Addr="0x34000058" TI="8614"/>
   <type Family="array" ID="9115" toTI="8632"/>
    <variable Name="ucShortInts" FileName="C:\Users\MightyDubster\Ride7\pygmy\pygmy_fpec.c" Line="30" Addr="0x34000000" TI="9115"/>
    <variable Name="ucLen" FileName="C:\Users\MightyDubster\Ride7\pygmy\pygmy_fpec.c" Line="30" Addr="0x7" TI="8632"/>
   </function >
   <function Name="fpecErasePage" TI="8632" FileName="C:\Users\MightyDubster\Ride7\pygmy\pygmy_fpec.c" Line="118">
    <parameter Name="ulAddress" TI="8596" FileName="C:\Users\MightyDubster\Ride7\pygmy\pygmy_fpec.c" Line="118" Addr="0x0" Param="Yes"/>
   <type Family="Pointer" TI="9203" toTI="8596"/>
    <variable Name="ulData" FileName="C:\Users\MightyDubster\Ride7\pygmy\pygmy_fpec.c" Line="120" Addr="0x0" TI="9203"/>
    <variable Name="i" FileName="C:\Users\MightyDubster\Ride7\pygmy\pygmy_fpec.c" Line="121" Addr="0x0" TI="8614"/>
   </function >
   <function Name="fpecEraseProgramMemory" TI="8632" FileName="C:\Users\MightyDubster\Ride7\pygmy\pygmy_fpec.c" Line="103">
    <parameter Name="uiStart" TI="8614" FileName="C:\Users\MightyDubster\Ride7\pygmy\pygmy_fpec.c" Line="103" Addr="0x0" Param="Yes"/>
    <variable Name="i" FileName="C:\Users\MightyDubster\Ride7\pygmy\pygmy_fpec.c" Line="105" Addr="0x4" TI="8596"/>
    <variable Name="ucFail" FileName="C:\Users\MightyDubster\Ride7\pygmy\pygmy_fpec.c" Line="105" Addr="0x6" TI="8596"/>
   </function >
  </module>
  <module Name="C:\Users\MightyDubster\Ride7\pygmy\pygmy_string.c" >
   <type Family="Base" Name="long long int" ID="9327"/>
   <type Family="typedef" Name="s64" Line="23" ID="9316" toTI="9327"/>
   <type Family="Base" Name="long int" ID="9345"/>
   <type Family="typedef" Name="s32" Line="24" ID="9334" toTI="9345"/>
   <type Family="Base" Name="short int" ID="9352"/>
   <type Family="Base" Name="signed char" ID="9369"/>
   <type Family="typedef" Name="s8" Line="26" ID="9359" toTI="9369"/>
   <type Family="Base" Name="long long unsigned int" ID="9376"/>
   <type Family="Base" Name="long unsigned int" ID="9394"/>
   <type Family="typedef" Name="u32" Line="44" ID="9383" toTI="9394"/>
   <type Family="Base" Name="short unsigned int" ID="9412"/>
   <type Family="typedef" Name="u16" Line="45" ID="9401" toTI="9412"/>
   <type Family="Base" Name="unsigned char" ID="9429"/>
   <type Family="typedef" Name="u8" Line="46" ID="9419" toTI="9429"/>
   <type Family="Pointer" TI="9436" toTI="9419"/>
   <type Family="Base" Name="unsigned int" ID="9442"/>
   <function Name="isCharInString" TI="9359" FileName="C:\Users\MightyDubster\Ride7\pygmy\pygmy_string.c" Line="24">
    <parameter Name="ucChar" TI="9419" FileName="C:\Users\MightyDubster\Ride7\pygmy\pygmy_string.c" Line="24" Addr="0x0" Param="Yes"/>
    <parameter Name="ucChars" TI="9436" FileName="C:\Users\MightyDubster\Ride7\pygmy\pygmy_string.c" Line="24" Addr="0x1" Param="Yes"/>
   </function >
   <function Name="isAlpha" TI="9359" FileName="C:\Users\MightyDubster\Ride7\pygmy\pygmy_string.c" Line="35">
    <parameter Name="ucChar" TI="9419" FileName="C:\Users\MightyDubster\Ride7\pygmy\pygmy_string.c" Line="35" Addr="0x0" Param="Yes"/>
   </function >
   <function Name="isNewline" TI="9359" FileName="C:\Users\MightyDubster\Ride7\pygmy\pygmy_string.c" Line="90">
    <parameter Name="ucChar" TI="9419" FileName="C:\Users\MightyDubster\Ride7\pygmy\pygmy_string.c" Line="90" Addr="0x0" Param="Yes"/>
   </function >
   <function Name="isWhitespace" TI="9359" FileName="C:\Users\MightyDubster\Ride7\pygmy\pygmy_string.c" Line="99">
    <parameter Name="ucChar" TI="9419" FileName="C:\Users\MightyDubster\Ride7\pygmy\pygmy_string.c" Line="99" Addr="0x0" Param="Yes"/>
   </function >
   <function Name="isQuote" TI="9359" FileName="C:\Users\MightyDubster\Ride7\pygmy\pygmy_string.c" Line="108">
    <parameter Name="ucChar" TI="9419" FileName="C:\Users\MightyDubster\Ride7\pygmy\pygmy_string.c" Line="108" Addr="0x0" Param="Yes"/>
   </function >
   <function Name="isSeparator" TI="9359" FileName="C:\Users\MightyDubster\Ride7\pygmy\pygmy_string.c" Line="127">
    <parameter Name="ucChar" TI="9419" FileName="C:\Users\MightyDubster\Ride7\pygmy\pygmy_string.c" Line="127" Addr="0x0" Param="Yes"/>
   </function >
   <function Name="isPunctuation" TI="9359" FileName="C:\Users\MightyDubster\Ride7\pygmy\pygmy_string.c" Line="136">
    <parameter Name="ucChar" TI="9419" FileName="C:\Users\MightyDubster\Ride7\pygmy\pygmy_string.c" Line="136" Addr="0x0" Param="Yes"/>
   </function >
   <function Name="len" TI="9401" FileName="C:\Users\MightyDubster\Ride7\pygmy\pygmy_string.c" Line="145">
    <parameter Name="ucString" TI="9436" FileName="C:\Users\MightyDubster\Ride7\pygmy\pygmy_string.c" Line="145" Addr="0x0" Param="Yes"/>
    <variable Name="i" FileName="C:\Users\MightyDubster\Ride7\pygmy\pygmy_string.c" Line="147" Addr="0x0" TI="9401"/>
   </function >
   <function Name="isStringSame" TI="9359" FileName="C:\Users\MightyDubster\Ride7\pygmy\pygmy_string.c" Line="158">
    <parameter Name="ucBuffer" TI="9436" FileName="C:\Users\MightyDubster\Ride7\pygmy\pygmy_string.c" Line="158" Addr="0x0" Param="Yes"/>
    <parameter Name="ucString" TI="9436" FileName="C:\Users\MightyDubster\Ride7\pygmy\pygmy_string.c" Line="158" Addr="0x1" Param="Yes"/>
   </function >
   <function Name="getNextSubString" TI="9436" FileName="C:\Users\MightyDubster\Ride7\pygmy\pygmy_string.c" Line="172">
    <parameter Name="ucBuffer" TI="9436" FileName="C:\Users\MightyDubster\Ride7\pygmy\pygmy_string.c" Line="172" Addr="0x0" Param="Yes"/>
    <parameter Name="ucMode" TI="9419" FileName="C:\Users\MightyDubster\Ride7\pygmy\pygmy_string.c" Line="172" Addr="0x1" Param="Yes"/>
    <variable Name="ucIndex" FileName="C:\Users\MightyDubster\Ride7\pygmy\pygmy_string.c" Line="174" Addr="0x20000220" TI="9436"/>
   </function >
   <function Name="copyString" TI="0" FileName="C:\Users\MightyDubster\Ride7\pygmy\pygmy_string.c" Line="384">
    <parameter Name="ucFrom" TI="9436" FileName="C:\Users\MightyDubster\Ride7\pygmy\pygmy_string.c" Line="384" Addr="0x0" Param="Yes"/>
    <parameter Name="ucTo" TI="9436" FileName="C:\Users\MightyDubster\Ride7\pygmy\pygmy_string.c" Line="384" Addr="0x1" Param="Yes"/>
   </function >
   <type Family="array" ID="10906" toTI="9419"/>
   <type Family="array" ID="11113" toTI="9419"/>
   <function Name="convertHexCharToInteger" TI="9401" FileName="C:\Users\MightyDubster\Ride7\pygmy\pygmy_string.c" Line="473">
    <parameter Name="ucChar" TI="9419" FileName="C:\Users\MightyDubster\Ride7\pygmy\pygmy_string.c" Line="473" Addr="0x0" Param="Yes"/>
    <variable Name="i" FileName="C:\Users\MightyDubster\Ride7\pygmy\pygmy_string.c" Line="475" Addr="0x0" TI="9401"/>
   </function >
   <function Name="convertHexEncodedStringToBuffer" TI="9401" FileName="C:\Users\MightyDubster\Ride7\pygmy\pygmy_string.c" Line="453">
    <parameter Name="ucString" TI="9436" FileName="C:\Users\MightyDubster\Ride7\pygmy\pygmy_string.c" Line="453" Addr="0x0" Param="Yes"/>
    <parameter Name="ucBuffer" TI="9436" FileName="C:\Users\MightyDubster\Ride7\pygmy\pygmy_string.c" Line="453" Addr="0x1" Param="Yes"/>
    <variable Name="uiLen" FileName="C:\Users\MightyDubster\Ride7\pygmy\pygmy_string.c" Line="459" Addr="0x0" TI="9401"/>
    <variable Name="ucByte" FileName="C:\Users\MightyDubster\Ride7\pygmy\pygmy_string.c" Line="460" Addr="0x7" TI="9419"/>
   </function >
   <type Family="array" ID="11681" toTI="9419"/>
   <type Family="array" ID="11716" toTI="9419"/>
   <variable Name="PYGMYHEXCHARS" FileName="C:\Users\MightyDubster\Ride7\pygmy\pygmy_string.c" Line="22" Addr="0x8001E4C" TI="11768"/>
   <variable Name="PYGMYBASE64CHARS" FileName="C:\Users\MightyDubster\Ride7\pygmy\pygmy_string.c" Line="21" Addr="0x8001E5C" TI="11791"/>
  </module>
  <module Name="C:\Users\MightyDubster\Ride7\pygmy\vectors_stm32f10x_hd.c" >
   <type Family="Base" Name="long unsigned int" ID="13247"/>
   <type Family="Pointer" TI="13279" toTI="13277"/>
   <type Family="array" ID="13254" toTI="13279"/>
   <type Family="Base" Name="unsigned int" ID="13270"/>
   <variable Name="gVectors" FileName="C:\Users\MightyDubster\Ride7\pygmy\vectors_stm32f10x_hd.c" Line="125" Addr="0x0" TI="13334"/>
  </module>
 </modulelist>
</aoffile>

